a,b,family,support_a,support_b,TV,top_a,top_a_pct,top_b,top_b_pct,different_top
or,l,LF0026,9,8,0.875,y,77.77777777777777,s,37.5,True
chor,qol,LF0002,12,10,0.8333333333333334,k·y,33.333333333333336,e·y,50.0,True
or,ol,LF0014,8,23,0.8315217391304348,a·r,25.0,e·y,47.82608695652174,True
ar,l,LF0002,15,14,0.7904761904761904,e·y,26.666666666666668,e·s,21.428571428571427,True
chor,l,LF0002,12,14,0.7738095238095237,k·y,33.333333333333336,e·s,21.428571428571427,True
or,l,LF0002,23,14,0.7701863354037267,e·y,30.434782608695652,e·s,21.428571428571427,True
y,qol,LF0002,14,10,0.7571428571428571,o·l,28.571428571428573,e·y,50.0,True
or,qol,LF0014,8,8,0.75,a·r,25.0,e·DY,50.0,True
y,dor,LF0002,14,9,0.7460317460317459,o·l,28.571428571428573,e·y,33.333333333333336,True
al,qol,LF0002,11,10,0.7181818181818181,a·r,27.272727272727273,e·y,50.0,True
chey,shedy,LF0020,9,11,0.7070707070707071,r,66.66666666666667,l,63.63636363636363,True
y,chor,LF0002,14,12,0.7023809523809523,o·l,28.571428571428573,k·y,33.333333333333336,True
ar,al,LF0002,15,11,0.6848484848484848,e·y,26.666666666666668,a·r,27.272727272727273,True
chor,dor,LF0002,12,9,0.6666666666666666,k·y,33.333333333333336,e·y,33.333333333333336,True
chor,al,LF0002,12,11,0.6590909090909091,k·y,33.333333333333336,a·r,27.272727272727273,True
ar,y,LF0002,15,14,0.6571428571428571,e·y,26.666666666666668,o·l,28.571428571428573,True
ol,l,LF0026,18,8,0.6527777777777778,y,72.22222222222223,s,37.5,True
s,qol,LF0002,20,10,0.65,o·l,25.0,e·y,50.0,True
chol,qol,LF0002,12,10,0.65,o·l,33.333333333333336,e·y,50.0,True
chor,r,LF0002,12,9,0.6388888888888888,k·y,33.333333333333336,e·y,33.333333333333336,True
r,l,LF0002,9,14,0.6349206349206349,e·y,33.333333333333336,e·s,21.428571428571427,True
r,al,LF0002,9,11,0.6161616161616161,e·y,33.333333333333336,a·r,27.272727272727273,True
qol,l,LF0002,10,14,0.6142857142857143,e·y,50.0,e·s,21.428571428571427,True
dain,ol,LF0010,8,23,0.6141304347826086,y,50.0,DY,69.56521739130434,True
y,or,LF0002,14,23,0.6118012422360248,o·l,28.571428571428573,e·y,30.434782608695652,True
chor,ol,LF0002,12,40,0.6083333333333334,k·y,33.333333333333336,e·y,32.5,True
or,al,LF0002,23,11,0.6007905138339921,e·y,30.434782608695652,a·r,27.272727272727273,True
s,l,LF0002,20,14,0.5928571428571429,o·l,25.0,e·s,21.428571428571427,True
ar,or,LF0010,9,10,0.5888888888888889,y,55.55555555555556,DY,60.0,True
s,r,LF0002,20,9,0.5888888888888889,o·l,25.0,e·y,33.333333333333336,True
ar,ol,LF0010,9,23,0.5845410628019323,y,55.55555555555556,DY,69.56521739130434,True
chor,chol,LF0002,12,12,0.5833333333333334,k·y,33.333333333333336,o·l,33.333333333333336,True
ol,l,LF0002,40,14,0.5821428571428571,e·y,32.5,e·s,21.428571428571427,True
ol,qol,LF0014,23,8,0.5760869565217391,e·y,47.82608695652174,e·DY,50.0,True
chey,chckhy,LF0001,24,10,0.5750000000000001,e·y,29.166666666666668,a·l,40.0,True
or,dain,LF0010,10,8,0.575,DY,60.0,y,50.0,True
ol,al,LF0002,40,11,0.5681818181818182,e·y,32.5,a·r,27.272727272727273,True
chol,shedy,LF0003,11,8,0.5681818181818181,y,54.54545454545455,DY,75.0,True
y,r,LF0002,14,9,0.5634920634920635,o·l,28.571428571428573,e·y,33.333333333333336,True
ar,shedy,LF0004,9,8,0.5416666666666666,a·r,33.333333333333336,e·DY,50.0,True
dar,qol,LF0014,9,8,0.5416666666666666,a·r,22.22222222222222,e·DY,50.0,True
ar,chol,LF0002,15,12,0.5333333333333333,e·y,26.666666666666668,o·l,33.333333333333336,True
or,chor,LF0002,23,12,0.532608695652174,e·y,30.434782608695652,k·y,33.333333333333336,True
shey,shedy,LF0020,14,11,0.5324675324675325,r,64.28571428571429,l,63.63636363636363,True
dy,shedy,LF0001,8,35,0.5321428571428571,a·l,25.0,e·y,31.428571428571427,True
dor,l,LF0002,9,14,0.5317460317460317,e·y,33.333333333333336,e·s,21.428571428571427,True
ain,shedy,LF0003,9,8,0.5277777777777778,y,55.55555555555556,DY,75.0,True
s,r,LF0030,17,14,0.5168067226890757,r,52.94117647058823,n,85.71428571428571,True
shey,chckhy,LF0001,27,10,0.5148148148148148,a·r,33.333333333333336,a·l,40.0,True
y,ol,LF0002,14,40,0.5107142857142857,o·l,28.571428571428573,e·y,32.5,True
al,dor,LF0002,11,9,0.505050505050505,a·r,27.272727272727273,e·y,33.333333333333336,True
y,l,LF0002,14,14,0.5,o·l,28.571428571428573,e·s,21.428571428571427,True
chor,chol,LF0067,8,8,0.5,r,37.5,l,87.5,True
chey,dy,LF0001,24,8,0.5,e·y,29.166666666666668,a·l,25.0,True
qol,l,LF0026,8,8,0.5,y,62.5,s,37.5,True
or,chol,LF0002,23,12,0.4963768115942029,e·y,30.434782608695652,o·l,33.333333333333336,True
chol,l,LF0002,12,14,0.4880952380952381,o·l,33.333333333333336,e·s,21.428571428571427,True
s,al,LF0002,20,11,0.48636363636363633,o·l,25.0,a·r,27.272727272727273,True
chckhy,shedy,LF0001,10,35,0.4857142857142857,a·l,40.0,e·y,31.428571428571427,True
ar,chor,LF0002,15,12,0.48333333333333334,e·y,26.666666666666668,k·y,33.333333333333336,True
chol,al,LF0002,12,11,0.47727272727272724,o·l,33.333333333333336,a·r,27.272727272727273,True
shey,dy,LF0001,27,8,0.47685185185185186,a·r,33.333333333333336,a·l,25.0,True
chol,r,LF0002,12,9,0.4722222222222222,o·l,33.333333333333336,e·y,33.333333333333336,True
s,chor,LF0002,20,12,0.4666666666666667,o·l,25.0,k·y,33.333333333333336,True
dy,chedy,LF0001,8,34,0.4632352941176471,a·l,25.0,e·y,26.470588235294116,True
y,al,LF0002,14,11,0.461038961038961,o·l,28.571428571428573,a·r,27.272727272727273,True
chol,qol,LF0003,11,25,0.45818181818181813,y,54.54545454545455,DY,48.0,True
dar,ol,LF0014,9,23,0.4492753623188406,a·r,22.22222222222222,e·y,47.82608695652174,True
ar,qol,LF0010,9,9,0.4444444444444445,y,55.55555555555556,DY,55.55555555555556,True
chckhy,chedy,LF0001,10,34,0.43529411764705883,a·l,40.0,e·y,26.470588235294116,True
dain,qol,LF0010,8,9,0.4305555555555556,y,50.0,DY,55.55555555555556,True
s,ol,LF0002,20,40,0.42500000000000004,o·l,25.0,e·y,32.5,True
chol,ol,LF0002,12,40,0.425,o·l,33.333333333333336,e·y,32.5,True
al,l,LF0002,11,14,0.42207792207792205,a·r,27.272727272727273,e·s,21.428571428571427,True
ain,qol,LF0003,9,25,0.41777777777777775,y,55.55555555555556,DY,48.0,True
ar,s,LF0002,15,20,0.4166666666666667,e·y,26.666666666666668,o·l,25.0,True
ain,al,LF0003,9,12,0.4166666666666667,y,55.55555555555556,DY,50.0,True
s,dal,LF0007,9,8,0.41666666666666663,l,66.66666666666667,r,37.5,True
chol,dal,LF0007,33,8,0.41666666666666663,l,66.66666666666667,r,37.5,True
chey,al,LF0003,9,12,0.41666666666666663,y,66.66666666666667,DY,50.0,True
chey,shedy,LF0003,9,8,0.41666666666666663,y,66.66666666666667,DY,75.0,True
chol,al,LF0003,11,12,0.4015151515151515,y,54.54545454545455,DY,50.0,True
chey,chedy,LF0020,9,14,0.3888888888888889,r,66.66666666666667,l,50.0,True
s,dor,LF0002,20,9,0.38888888888888884,o·l,25.0,e·y,33.333333333333336,True
chol,dor,LF0002,12,9,0.38888888888888884,o·l,33.333333333333336,e·y,33.333333333333336,True
chey,qol,LF0003,9,25,0.38666666666666666,y,66.66666666666667,DY,48.0,True
or,ol,LF0019,8,11,0.38636363636363635,r,37.5,l,63.63636363636363,True
ar,chey,LF0008,9,10,0.37777777777777777,o·l,22.22222222222222,a·l,30.0,True
or,dal,LF0007,15,8,0.375,l,46.666666666666664,r,37.5,True
dain,shedy,LF0003,13,8,0.36538461538461536,y,53.84615384615385,DY,75.0,True
shey,shedy,LF0001,27,35,0.35873015873015873,a·r,33.333333333333336,e·y,31.428571428571427,True
or,s,LF0002,23,20,0.3586956521739131,e·y,30.434782608695652,o·l,25.0,True
qoky,shedy,LF0003,10,8,0.35,y,50.0,DY,75.0,True
chol,ol,LF0007,33,11,0.3333333333333333,l,66.66666666666667,r,45.45454545454545,True
or,chol,LF0003,15,11,0.32727272727272727,DY,40.0,y,54.54545454545455,True
s,ol,LF0007,9,11,0.3232323232323232,l,66.66666666666667,r,45.45454545454545,True
ol,al,LF0003,42,12,0.32142857142857145,y,45.23809523809524,DY,50.0,True
ol,shedy,LF0003,42,8,0.32142857142857145,y,45.23809523809524,DY,75.0,True
qoky,qol,LF0003,10,25,0.31999999999999995,y,50.0,DY,48.0,True
chol,dar,LF0003,11,12,0.3181818181818182,y,54.54545454545455,DY,50.0,True
chor,dal,LF0007,15,8,0.30833333333333335,l,53.333333333333336,r,37.5,True
or,s,LF0019,8,11,0.29545454545454547,r,37.5,l,45.45454545454545,True
shey,chedy,LF0001,27,34,0.29193899782135074,a·r,33.333333333333336,e·y,26.470588235294116,True
dain,al,LF0003,13,12,0.28846153846153844,y,53.84615384615385,DY,50.0,True
shey,chedy,LF0020,14,14,0.28571428571428575,r,64.28571428571429,l,50.0,True
dar,ain,LF0003,12,9,0.2777777777777778,DY,50.0,y,55.55555555555556,True
or,ain,LF0003,15,9,0.2666666666666667,DY,40.0,y,55.55555555555556,True
or,chey,LF0003,15,9,0.26666666666666666,DY,40.0,y,66.66666666666667,True
dain,qol,LF0003,13,25,0.2584615384615384,y,53.84615384615385,DY,48.0,True
al,l,LF0003,12,16,0.25,DY,50.0,y,50.0,True
l,shedy,LF0003,16,8,0.25,y,50.0,DY,75.0,True
dar,chey,LF0003,12,9,0.24999999999999997,DY,50.0,y,66.66666666666667,True
al,qoky,LF0003,12,10,0.24999999999999997,DY,50.0,y,50.0,True
shey,chey,LF0001,27,24,0.24074074074074073,a·r,33.333333333333336,e·y,29.166666666666668,True
qol,l,LF0003,25,16,0.24,DY,48.0,y,50.0,True
or,ol,LF0007,15,11,0.23636363636363633,l,46.666666666666664,r,45.45454545454545,True
chor,ol,LF0007,15,11,0.23636363636363633,l,53.333333333333336,r,45.45454545454545,True
shey,chedy,LF0018,11,16,0.23295454545454544,DY,54.54545454545455,y,56.25,True
or,dain,LF0003,15,13,0.21538461538461537,DY,40.0,y,53.84615384615385,True
ol,qol,LF0003,42,25,0.2114285714285714,y,45.23809523809524,DY,48.0,True
or,qoky,LF0003,15,10,0.2,DY,40.0,y,50.0,True
or,l,LF0003,15,16,0.19999999999999998,DY,40.0,y,50.0,True
dain,dar,LF0003,13,12,0.19871794871794868,y,53.84615384615385,DY,50.0,True
dar,qoky,LF0003,12,10,0.18333333333333332,DY,50.0,y,50.0,True
ar,s,LF0030,17,17,0.17647058823529413,n,52.94117647058823,r,52.94117647058823,True
shey,chey,LF0018,11,13,0.1608391608391608,DY,54.54545454545455,y,53.84615384615385,True
or,s,LF0030,18,17,0.14379084967320266,n,55.55555555555556,r,52.94117647058823,True
or,ol,LF0003,15,42,0.10476190476190474,DY,40.0,y,45.23809523809524,True
dar,l,LF0003,12,16,0.08333333333333331,DY,50.0,y,50.0,True
dar,ol,LF0003,12,42,0.07142857142857142,DY,50.0,y,45.23809523809524,True
shey,shedy,LF0018,11,21,0.06926406926406928,DY,54.54545454545455,y,52.38095238095238,True
ar,qol,LF0002,15,10,0.6666666666666666,e·y,26.666666666666668,e·y,50.0,False
or,qol,LF0002,23,10,0.6086956521739131,e·y,30.434782608695652,e·y,50.0,False
or,r,LF0002,23,9,0.608695652173913,e·y,30.434782608695652,e·y,33.333333333333336,False
y,s,LF0002,14,20,0.6071428571428571,o·l,28.571428571428573,o·l,25.0,False
ar,r,LF0002,15,9,0.6,e·y,26.666666666666668,e·y,33.333333333333336,False
ar,dor,LF0002,15,9,0.6,e·y,26.666666666666668,e·y,33.333333333333336,False
dor,qol,LF0002,9,10,0.5666666666666667,e·y,33.333333333333336,e·y,50.0,False
or,dar,LF0014,8,9,0.5555555555555556,a·r,25.0,a·r,22.22222222222222,False
ol,dor,LF0002,40,9,0.5388888888888889,e·y,32.5,e·y,33.333333333333336,False
or,dor,LF0002,23,9,0.47826086956521735,e·y,30.434782608695652,e·y,33.333333333333336,False
ol,qol,LF0002,40,10,0.475,e·y,32.5,e·y,50.0,False
r,qol,LF0002,9,10,0.45555555555555555,e·y,33.333333333333336,e·y,50.0,False
dy,chckhy,LF0001,8,10,0.45,a·l,25.0,a·l,40.0,False
r,dor,LF0002,9,9,0.4444444444444444,e·y,33.333333333333336,e·y,33.333333333333336,False
y,chol,LF0002,14,12,0.42857142857142855,o·l,28.571428571428573,o·l,33.333333333333336,False
r,ol,LF0002,9,40,0.41388888888888886,e·y,33.333333333333336,e·y,32.5,False
ar,r,LF0030,17,14,0.3991596638655462,n,52.94117647058823,n,85.71428571428571,False
ar,dain,LF0010,9,8,0.3888888888888889,y,55.55555555555556,y,50.0,False
shey,chedy,LF0005,21,21,0.38095238095238093,e·y,33.333333333333336,e·y,61.904761904761905,False
or,ol,LF0002,23,40,0.3782608695652174,e·y,30.434782608695652,e·y,32.5,False
or,qol,LF0026,9,8,0.375,y,77.77777777777777,y,62.5,False
or,r,LF0030,18,14,0.37301587301587297,n,55.55555555555556,n,85.71428571428571,False
chey,al,LF0039,11,8,0.36363636363636365,e·y,54.54545454545455,e·y,62.5,False
ar,or,LF0002,15,23,0.36231884057971014,e·y,26.666666666666668,e·y,30.434782608695652,False
ar,ol,LF0002,15,40,0.35,e·y,26.666666666666668,e·y,32.5,False
or,al,LF0003,15,12,0.35,DY,40.0,DY,50.0,False
or,shedy,LF0003,15,8,0.35,DY,40.0,DY,75.0,False
chey,shedy,LF0001,24,35,0.34404761904761905,e·y,29.166666666666668,e·y,31.428571428571427,False
shey,shedy,LF0005,21,23,0.33747412008281574,e·y,33.333333333333336,e·y,43.47826086956522,False
shey,chey,LF0005,21,22,0.3354978354978355,e·y,33.333333333333336,e·y,63.63636363636363,False
or,chol,LF0007,15,33,0.32121212121212117,l,46.666666666666664,l,66.66666666666667,False
chol,l,LF0003,11,16,0.3181818181818182,y,54.54545454545455,y,50.0,False
shedy,chedy,LF0020,11,14,0.3181818181818182,l,63.63636363636363,l,50.0,False
or,s,LF0007,15,9,0.3111111111111111,l,46.666666666666664,l,66.66666666666667,False
shedy,chedy,LF0001,35,34,0.30168067226890755,e·y,31.428571428571427,e·y,26.470588235294116,False
chey,ol,LF0039,11,13,0.2867132867132868,e·y,54.54545454545455,e·y,61.53846153846154,False
dal,ol,LF0007,8,11,0.28409090909090906,r,37.5,r,45.45454545454545,False
shedy,chedy,LF0005,23,21,0.2836438923395445,e·y,43.47826086956522,e·y,61.904761904761905,False
s,chol,LF0002,20,12,0.2833333333333333,o·l,25.0,o·l,33.333333333333336,False
chey,chedy,LF0001,24,34,0.2818627450980392,e·y,29.166666666666668,e·y,26.470588235294116,False
dain,chol,LF0003,13,11,0.27972027972027974,y,53.84615384615385,y,54.54545454545455,False
or,ol,LF0026,9,18,0.2777777777777778,y,77.77777777777777,y,72.22222222222223,False
ain,l,LF0003,9,16,0.2777777777777778,y,55.55555555555556,y,50.0,False
chol,ol,LF0003,11,42,0.27489177489177485,y,54.54545454545455,y,45.23809523809524,False
chol,chey,LF0003,11,9,0.2727272727272727,y,54.54545454545455,y,66.66666666666667,False
qol,shedy,LF0003,25,8,0.27,DY,48.0,DY,75.0,False
ol,al,LF0039,13,8,0.2596153846153846,e·y,61.53846153846154,e·y,62.5,False
chor,chol,LF0007,15,33,0.2545454545454545,l,53.333333333333336,l,66.66666666666667,False
ar,or,LF0131,8,10,0.25,i·n,75.0,i·n,100.0,False
dar,al,LF0003,12,12,0.25,DY,50.0,DY,50.0,False
dar,shedy,LF0003,12,8,0.25,DY,50.0,DY,75.0,False
al,shedy,LF0003,12,8,0.25,DY,50.0,DY,75.0,False
chey,shedy,LF0005,22,23,0.24703557312252963,e·y,63.63636363636363,e·y,43.47826086956522,False
s,chor,LF0007,9,15,0.24444444444444444,l,66.66666666666667,l,53.333333333333336,False
or,qol,LF0010,10,9,0.2444444444444444,DY,60.0,DY,55.55555555555556,False
or,qol,LF0003,15,25,0.24,DY,40.0,DY,48.0,False
dain,ain,LF0003,13,9,0.23931623931623935,y,53.84615384615385,y,55.55555555555556,False
ain,ol,LF0003,9,42,0.23015873015873017,y,55.55555555555556,y,45.23809523809524,False
s,dar,LF0011,53,9,0.2222222222222222,i·n,100.0,i·n,77.77777777777777,False
s,dar,LF0012,53,9,0.2222222222222222,n,100.0,n,77.77777777777777,False
dar,ol,LF0011,9,24,0.2222222222222222,i·n,77.77777777777777,i·n,100.0,False
dar,ol,LF0012,9,24,0.2222222222222222,n,77.77777777777777,n,100.0,False
dar,o,LF0012,9,12,0.2222222222222222,n,77.77777777777777,n,100.0,False
dar,o,LF0011,9,12,0.2222222222222222,i·n,77.77777777777777,i·n,100.0,False
ain,chey,LF0003,9,9,0.22222222222222218,y,55.55555555555556,y,66.66666666666667,False
chol,qoky,LF0003,11,10,0.21818181818181817,y,54.54545454545455,y,50.0,False
shey,chedy,LF0013,15,20,0.21666666666666667,y,46.666666666666664,y,65.0,False
chey,ol,LF0003,9,42,0.21428571428571425,y,66.66666666666667,y,45.23809523809524,False
or,dar,LF0011,58,9,0.2049808429118774,i·n,96.55172413793103,i·n,77.77777777777777,False
or,dar,LF0012,57,9,0.20467836257309938,n,98.24561403508773,n,77.77777777777777,False
shey,chey,LF0013,15,21,0.2,y,46.666666666666664,y,66.66666666666667,False
shedy,chedy,LF0013,20,20,0.2,y,50.0,y,65.0,False
s,sar,LF0011,53,10,0.19999999999999998,i·n,100.0,i·n,80.0,False
ol,sar,LF0011,24,10,0.19999999999999998,i·n,100.0,i·n,80.0,False
o,sar,LF0011,12,10,0.19999999999999998,i·n,100.0,i·n,80.0,False
ar,dar,LF0011,33,9,0.19191919191919193,i·n,93.93939393939394,i·n,77.77777777777777,False
ar,dar,LF0012,32,9,0.1909722222222222,n,96.875,n,77.77777777777777,False
al,qol,LF0003,12,25,0.19,DY,50.0,DY,48.0,False
r,dar,LF0011,30,9,0.18888888888888888,i·n,96.66666666666667,i·n,77.77777777777777,False
r,dar,LF0012,30,9,0.18888888888888888,n,96.66666666666667,n,77.77777777777777,False
ol,qol,LF0010,23,9,0.18357487922705312,DY,69.56521739130434,DY,55.55555555555556,False
or,sar,LF0011,58,10,0.18275862068965518,i·n,96.55172413793103,i·n,80.0,False
s,ol,LF0019,11,11,0.18181818181818182,l,45.45454545454545,l,63.63636363636363,False
ain,qoky,LF0003,9,10,0.1777777777777778,y,55.55555555555556,y,50.0,False
shey,chey,LF0020,14,9,0.17460317460317454,r,64.28571428571429,r,66.66666666666667,False
chey,qoky,LF0003,9,10,0.16666666666666669,y,66.66666666666667,y,50.0,False
chey,shedy,LF0013,21,20,0.16666666666666669,y,66.66666666666667,y,50.0,False
r,sar,LF0011,30,10,0.16666666666666666,i·n,96.66666666666667,i·n,80.0,False
chey,l,LF0003,9,16,0.16666666666666666,y,66.66666666666667,y,50.0,False
shedy,chedy,LF0018,21,16,0.16369047619047616,y,52.38095238095238,y,56.25,False
dain,ol,LF0003,13,42,0.16300366300366298,y,53.84615384615385,y,45.23809523809524,False
dar,qol,LF0003,12,25,0.16,DY,50.0,DY,48.0,False
or,ol,LF0010,10,23,0.15652173913043477,DY,60.0,DY,69.56521739130434,False
ol,qol,LF0026,18,8,0.1527777777777778,y,72.22222222222223,y,62.5,False
chey,ol,LF0074,8,11,0.1477272727272727,y,75.0,y,72.72727272727273,False
ol,qoky,LF0003,42,10,0.1476190476190476,y,45.23809523809524,y,50.0,False
chey,chedy,LF0005,22,21,0.14285714285714285,e·y,63.63636363636363,e·y,61.904761904761905,False
ar,sar,LF0011,33,10,0.1393939393939394,i·n,93.93939393939394,i·n,80.0,False
or,chor,LF0007,15,15,0.13333333333333333,l,46.666666666666664,l,53.333333333333336,False
dain,chey,LF0003,13,9,0.12820512820512822,y,53.84615384615385,y,66.66666666666667,False
shey,chey,LF0023,16,14,0.125,i·n,87.5,i·n,92.85714285714286,False
shey,chedy,LF0023,16,11,0.125,i·n,87.5,i·n,100.0,False
dar,sar,LF0011,9,10,0.12222222222222223,i·n,77.77777777777777,i·n,80.0,False
ol,l,LF0003,42,16,0.11904761904761905,y,45.23809523809524,y,50.0,False
ar,or,LF0030,17,18,0.1176470588235294,n,52.94117647058823,n,55.55555555555556,False
or,dar,LF0003,15,12,0.11666666666666667,DY,40.0,DY,50.0,False
dain,qoky,LF0003,13,10,0.11538461538461538,y,53.84615384615385,y,50.0,False
dain,l,LF0003,13,16,0.11538461538461536,y,53.84615384615385,y,50.0,False
chey,chy,LF0009,10,9,0.11111111111111115,n,90.0,n,88.88888888888889,False
chey,chy,LF0006,10,9,0.11111111111111115,i·n,90.0,i·n,88.88888888888889,False
s,sar,LF0012,53,9,0.11111111111111113,n,100.0,n,88.88888888888889,False
chor,chy,LF0006,8,9,0.11111111111111113,i·n,100.0,i·n,88.88888888888889,False
chor,chy,LF0009,8,9,0.11111111111111113,n,100.0,n,88.88888888888889,False
chol,chy,LF0009,28,9,0.11111111111111113,n,100.0,n,88.88888888888889,False
chol,chy,LF0006,28,9,0.11111111111111113,i·n,100.0,i·n,88.88888888888889,False
chy,ol,LF0009,9,9,0.11111111111111113,n,88.88888888888889,n,100.0,False
chy,ol,LF0006,9,9,0.11111111111111113,i·n,88.88888888888889,i·n,100.0,False
chy,qoky,LF0009,9,8,0.11111111111111113,n,88.88888888888889,n,100.0,False
chy,qoky,LF0006,9,8,0.11111111111111113,i·n,88.88888888888889,i·n,100.0,False
ol,sar,LF0012,24,9,0.11111111111111113,n,100.0,n,88.88888888888889,False
o,sar,LF0012,12,9,0.11111111111111113,n,100.0,n,88.88888888888889,False
dar,sar,LF0012,9,9,0.11111111111111108,n,77.77777777777777,n,88.88888888888889,False
chor,chey,LF0006,8,10,0.09999999999999999,i·n,100.0,i·n,90.0,False
chor,chey,LF0009,8,10,0.09999999999999999,n,100.0,n,90.0,False
chol,chey,LF0006,28,10,0.09999999999999999,i·n,100.0,i·n,90.0,False
chol,chey,LF0009,28,10,0.09999999999999999,n,100.0,n,90.0,False
chey,ol,LF0006,10,9,0.09999999999999999,i·n,90.0,i·n,100.0,False
chey,ol,LF0009,10,9,0.09999999999999999,n,90.0,n,100.0,False
chey,qoky,LF0009,10,8,0.09999999999999999,n,90.0,n,100.0,False
chey,qoky,LF0006,10,8,0.09999999999999999,i·n,90.0,i·n,100.0,False
qoky,l,LF0003,10,16,0.09999999999999999,y,50.0,y,50.0,False
chey,chedy,LF0013,21,20,0.09999999999999996,y,66.66666666666667,y,65.0,False
or,sar,LF0012,57,9,0.0935672514619883,n,98.24561403508773,n,88.88888888888889,False
chey,shedy,LF0018,13,21,0.09157509157509153,y,53.84615384615385,y,52.38095238095238,False
chey,chedy,LF0018,13,16,0.08653846153846156,y,53.84615384615385,y,56.25,False
shey,shedy,LF0013,15,20,0.08333333333333333,y,46.666666666666664,y,50.0,False
ar,sar,LF0012,32,9,0.07986111111111113,n,96.875,n,88.88888888888889,False
r,sar,LF0012,30,9,0.0777777777777778,n,96.66666666666667,n,88.88888888888889,False
chey,chedy,LF0023,14,11,0.07142857142857141,i·n,92.85714285714286,i·n,100.0,False
chol,ain,LF0003,11,9,0.07070707070707073,y,54.54545454545455,y,55.55555555555556,False
shey,chey,LF0027,15,13,0.06666666666666665,n,93.33333333333333,n,100.0,False
shey,chedy,LF0027,15,11,0.06666666666666665,n,93.33333333333333,n,100.0,False
ar,s,LF0011,33,53,0.06060606060606058,i·n,93.93939393939394,i·n,100.0,False
ar,ol,LF0011,33,24,0.06060606060606058,i·n,93.93939393939394,i·n,100.0,False
ar,o,LF0011,33,12,0.06060606060606058,i·n,93.93939393939394,i·n,100.0,False
ar,or,LF0011,33,58,0.04336468129571577,i·n,93.93939393939394,i·n,96.55172413793103,False
or,s,LF0011,58,53,0.034482758620689634,i·n,96.55172413793103,i·n,100.0,False
or,ol,LF0011,58,24,0.034482758620689634,i·n,96.55172413793103,i·n,100.0,False
or,o,LF0011,58,12,0.034482758620689634,i·n,96.55172413793103,i·n,100.0,False
s,r,LF0011,53,30,0.033333333333333326,i·n,100.0,i·n,96.66666666666667,False
s,r,LF0012,53,30,0.033333333333333326,n,100.0,n,96.66666666666667,False
r,ol,LF0011,30,24,0.033333333333333326,i·n,96.66666666666667,i·n,100.0,False
r,ol,LF0012,30,24,0.033333333333333326,n,96.66666666666667,n,100.0,False
r,o,LF0012,30,12,0.033333333333333326,n,96.66666666666667,n,100.0,False
r,o,LF0011,30,12,0.033333333333333326,i·n,96.66666666666667,i·n,100.0,False
ar,s,LF0012,32,53,0.03125,n,96.875,n,100.0,False
ar,ol,LF0012,32,24,0.03125,n,96.875,n,100.0,False
ar,o,LF0012,32,12,0.03125,n,96.875,n,100.0,False
ar,r,LF0011,33,30,0.03030303030303028,i·n,93.93939393939394,i·n,96.66666666666667,False
or,s,LF0012,57,53,0.017543859649122834,n,98.24561403508773,n,100.0,False
or,ol,LF0012,57,24,0.017543859649122834,n,98.24561403508773,n,100.0,False
or,o,LF0012,57,12,0.017543859649122834,n,98.24561403508773,n,100.0,False
or,r,LF0011,58,30,0.01724137931034481,i·n,96.55172413793103,i·n,96.66666666666667,False
or,r,LF0012,57,30,0.015789473684210496,n,98.24561403508773,n,96.66666666666667,False
ar,or,LF0012,32,57,0.013706140350877166,n,96.875,n,98.24561403508773,False
s,chol,LF0007,9,33,0.010101010101010097,l,66.66666666666667,l,66.66666666666667,False
ar,r,LF0012,32,30,0.0020833333333333294,n,96.875,n,96.66666666666667,False
s,ol,LF0011,53,24,0.0,i·n,100.0,i·n,100.0,False
s,ol,LF0012,53,24,0.0,n,100.0,n,100.0,False
s,o,LF0012,53,12,0.0,n,100.0,n,100.0,False
s,o,LF0011,53,12,0.0,i·n,100.0,i·n,100.0,False
chor,chol,LF0006,8,28,0.0,i·n,100.0,i·n,100.0,False
chor,chol,LF0009,8,28,0.0,n,100.0,n,100.0,False
chor,ol,LF0006,8,9,0.0,i·n,100.0,i·n,100.0,False
chor,ol,LF0009,8,9,0.0,n,100.0,n,100.0,False
chor,qoky,LF0006,8,8,0.0,i·n,100.0,i·n,100.0,False
chor,qoky,LF0009,8,8,0.0,n,100.0,n,100.0,False
chol,ol,LF0006,28,9,0.0,i·n,100.0,i·n,100.0,False
chol,ol,LF0009,28,9,0.0,n,100.0,n,100.0,False
chol,qoky,LF0009,28,8,0.0,n,100.0,n,100.0,False
chol,qoky,LF0006,28,8,0.0,i·n,100.0,i·n,100.0,False
chey,chedy,LF0027,13,11,0.0,n,100.0,n,100.0,False
ol,qoky,LF0009,9,8,0.0,n,100.0,n,100.0,False
ol,qoky,LF0006,9,8,0.0,i·n,100.0,i·n,100.0,False
ol,o,LF0011,24,12,0.0,i·n,100.0,i·n,100.0,False
ol,o,LF0012,24,12,0.0,n,100.0,n,100.0,False
