token,count,glen,line_initial_pct,line_final_pct,succ_types,pred_types,top_successors,top_predecessors
ar,449,2,2.2271714922048997,8.68596881959911,245,262,aiin:31; al:31; ar:12; or:11; ol:9; ain:9,s:20; ar:12; otar:12; r:10; dar:10; or:10
shol,176,3,9.090909090909092,2.272727272727273,135,120,shol:6; daiin:6; kol:4; chol:4; cthy:3; dy:3,chol:6; shol:6; daiin:6; sho:5; shor:5; dar:4
y,210,1,20.0,21.904761904761905,133,127,daiin:5; aiin:4; cheol:4; chor:3; tchy:3; c:3,aiin:7; s:6; ar:5; r:5; daiin:5; al:4
shar,34,3,5.882352941176471,5.882352941176471,32,32,is:1; or:1; shkaiin:1; char:1; sy:1; yky:1,chtaiin:1; tsheoarom:1; skeey:1; cfhdosal:1; okaiin:1; ytair:1
or,390,2,7.6923076923076925,4.102564102564102,196,239,aiin:56; al:11; ol:11; ar:10; ain:10; aiiin:10,s:12; ol:12; ar:11; or:8; daiin:7; aiin:7
sy,40,2,2.5,55.0,17,37,s:2; chodaiin:1; chory:1; shydal:1; sho:1; chor:1,shy:2; aiin:2; daraiin:1; cheal:1; shar:1; qotchykoiin:1
s,328,1,8.536585365853659,12.195121951219512,138,232,aiin:53; ar:20; or:12; air:9; ain:7; al:7,ol:9; chy:6; daiin:5; chl:5; al:5; cthy:4
chor,215,3,6.511627906976744,2.7906976744186047,146,151,daiin:8; chol:8; chor:6; chy:5; cthy:4; aiin:4,chol:7; or:6; chor:6; daiin:6; ol:5; aiin:4
ckhey,32,3,0.0,6.25,25,25,daiin:3; ckhey:2; chol:2; s:2; kodaiin:1; okeo:1,chey:3; ckhey:2; o:2; qo:2; aiin:2; cheor:2
sho,118,2,27.966101694915253,0.0,96,75,shol:5; chol:4; ykeey:3; r:3; or:2; sho:2,chodaiin:3; chol:3; sho:2; dain:2; daiin:2; ol:2
chol,367,3,5.177111716621253,1.6348773841961852,220,232,daiin:28; chol:22; cthol:7; chor:7; chy:7; ol:7,chol:22; chor:8; otol:7; or:7; s:6; daiin:6
chdy,108,3,0.9259259259259259,12.037037037037036,85,89,chy:4; okey:2; dair:2; qokchy:2; qokain:2; otal:2,ol:4; okar:3; dal:3; dar:3; chy:2; dair:2
cthy,100,2,0.0,27.0,59,69,daiin:6; s:4; dy:3; chor:2; dain:2; chol:2,daiin:10; chol:5; chy:4; chor:4; shor:3; okaiin:3
r,196,1,4.081632653061225,8.16326530612245,95,138,aiin:29; ain:12; ar:10; ol:7; chey:6; y:5,cheo:6; chey:5; cheey:5; ol:5; cho:4; t:4
char,79,3,3.7974683544303796,7.594936708860759,60,64,ar:6; aiin:4; shey:2; or:2; cheky:2; okain:2,chor:3; aiin:3; qokain:3; r:2; chear:2; qop:2
shey,344,3,2.616279069767442,5.232558139534884,221,228,qokain:14; qokaiin:9; qokar:9; qol:7; qokeey:7; qokeedy:6,daiin:13; aiin:7; qokain:7; qokar:6; ol:6; qokaiin:6
kol,35,3,11.428571428571429,2.857142857142857,29,27,daiin:3; chol:2; sho:2; dy:2; kechy:1; sheey:1,shol:4; chol:2; shey:1; okolshol:1; dlssho:1; ochkchr:1
chal,59,3,5.084745762711864,11.864406779661017,49,49,daiin:2; al:2; chedy:2; chag:1; doiin:1; chol:1,chor:2; aiin:2; qokain:2; qokaiin:2; qokeey:2; chdaiin:2
kchy,36,3,0.0,8.333333333333334,30,30,chol:2; qotchol:2; chey:2; d:1; dal:1; shody:1,chy:5; ykchy:2; o:2; kshy:1; kokaiin:1; cheo:1
d,53,1,15.09433962264151,30.18867924528302,26,35,aiin:7; r:3; chor:2; y:2; ar:2; or:1,aiin:4; o:4; l:3; cho:2; okeey:2; kchy:1
she,41,2,0.0,0.0,40,35,ol:2; kodshey:1; dol:1; qokeees:1; cheol:1; aiin:1,sar:3; ol:3; daiin:2; ar:2; shol:1; dl:1
dar,287,3,12.89198606271777,14.982578397212544,167,190,ar:10; aiin:7; chedy:6; ol:6; chey:5; oty:5,daiin:5; qokal:5; shey:4; olky:4; oteey:4; qokain:4
ain,149,3,4.026845637583893,13.422818791946309,101,86,ol:6; ar:5; chey:5; al:5; chol:2; okaiin:2,r:12; or:10; ar:9; s:7; sar:6; qol:3
chey,510,3,1.9607843137254901,6.078431372549019,282,285,qokeey:14; qokain:13; daiin:9; qokaiin:9; qokey:7; qoky:7,ol:19; daiin:15; aiin:13; qokain:11; qokaiin:9; l:8
chy,197,2,1.5228426395939085,10.65989847715736,135,145,daiin:8; s:6; kchy:5; cthy:4; r:4; chaiin:3,daiin:8; chol:7; chor:5; ol:5; or:4; chdy:4
tol,42,3,59.523809523809526,0.0,38,17,daiin:2; cheol:2; or:2; chey:2; cthols:1; tod:1,chy:1; qotchy:1; okorar:1; shol:1; shor:1; ytey:1
cho,77,2,7.792207792207792,2.5974025974025974,62,66,r:4; s:3; l:3; aiin:3; ol:3; kaiin:2,s:2; dain:2; dar:2; ol:2; cheol:2; sochey:1
cthol,55,3,1.8181818181818181,10.909090909090908,40,41,daiin:5; chol:4; otol:2; shor:2; chody:1; daimg:1,chol:7; daiin:6; chor:3; par:1; cham:1; shol:1
oky,103,3,9.70873786407767,27.184466019417474,70,83,daiin:2; chor:2; otal:2; ytaiin:2; okar:2; dago:1,daiin:3; ar:3; okeey:2; al:2; kar:2; okaiin:2
dal,190,3,2.1052631578947367,23.157894736842106,113,145,dy:4; daiin:4; chor:3; chey:3; chdy:3; shedy:3,chey:6; aiin:5; daiin:4; qokedy:4; qokain:4; cheol:3
ol,588,2,6.63265306122449,8.16326530612245,262,322,aiin:24; chey:19; chedy:18; shedy:16; cheey:13; ol:12,qokain:15; aiin:13; ol:12; or:11; ar:9; r:7
am,115,2,0.8695652173913043,69.56521739130434,34,84,shey:2; okor:1; ytcho:1; chotaiin:1; okardy:1; checthy:1,ar:7; aiin:6; dair:4; air:4; s:3; kar:3
ckhy,38,2,0.0,18.42105263157895,28,35,s:3; dal:2; ckhockhy:1; daiiny:1; tchor:1; chol:1,daiin:3; sho:2; do:1; shor:1; shockho:1; qoair:1
dol,97,3,13.402061855670103,6.185567010309279,76,72,dar:3; ol:3; shedy:3; shey:3; dair:2; shol:2,chol:5; daiin:3; ol:3; shor:2; al:2; shey:2
dam,59,3,0.0,66.10169491525424,20,47,sochey:1; qotcham:1; okor:1; ytchy:1; okchol:1; chor:1,daiin:6; ol:3; dair:2; chy:2; chey:2; okeey:2
kal,30,3,3.3333333333333335,16.666666666666668,24,26,kal:2; olchey:1; chal:1; shs:1; chethy:1; ykar:1,kal:2; al:2; chey:2; ctholshol:1; o:1; chy:1
lol,35,3,14.285714285714286,45.714285714285715,14,25,chey:4; chy:2; s:2; otchy:1; r:1; kar:1,shey:3; qokeedy:2; qoteedy:2; qokeey:2; chodo:1; loldy:1
qo,51,2,27.45098039215686,0.0,44,36,qokain:3; chol:2; ar:2; tchey:2; or:2; ckhey:2,chey:2; qokchor:1; tchey:1; poeeaiin:1; chor:1; otaiin:1
cthey,47,3,4.25531914893617,10.638297872340425,41,41,chey:2; ykol:1; y:1; keol:1; choaiin:1; tchy:1,daiin:3; chey:3; dol:1; qotaiin:1; ckhoy:1; char:1
shor,91,3,19.78021978021978,2.197802197802198,74,67,shol:5; cthy:3; daiin:3; dol:2; chor:2; shor:2,s:2; r:2; shor:2; oty:2; cthol:2; daiin:2
al,311,2,0.9646302250803859,13.504823151125402,191,172,ar:8; al:6; chedy:6; keey:5; s:5; y:4,ar:31; or:11; aiin:10; s:7; daiin:7; air:6
sor,43,3,72.09302325581395,0.0,34,12,aiin:5; chey:3; shy:2; ar:2; cheey:2; ytoldy:1,dkol:1; chor:1; kchol:1; otdy:1; ydey:1; okees:1
cthor,45,3,4.444444444444445,6.666666666666667,34,33,chol:3; cthy:2; otol:2; oty:2; daiin:2; dain:2,daiin:8; chor:3; okaiin:2; ain:1; cthy:1; cthar:1
sal,48,3,22.916666666666668,27.083333333333332,32,37,ol:2; raiin:2; shol:2; yteedy:1; sary:1; qokor:1,chyky:1; ckhaiin:1; qotchy:1; chopchy:1; chodaly:1; ckhey:1
chcthy,84,3,0.0,7.142857142857143,70,69,qokain:4; dar:2; lo:2; chckhy:2; qoky:2; okey:2,daiin:5; qokain:3; qokal:3; qokaiin:3; ol:3; chaiin:2
shy,94,2,1.0638297872340425,11.702127659574469,75,87,daiin:5; sy:2; qokaiin:2; qokar:2; otaiin:2; daiiin:1,sor:2; aiin:2; chy:2; ody:2; qokeedy:2; qokaiin:2
dor,63,3,41.26984126984127,0.0,48,34,chol:4; cheey:3; shey:3; aiin:2; daiin:2; sheey:2,chol:2; dy:2; ol:2; sshey:1; ty:1; dol:1
oly,65,3,0.0,64.61538461538461,22,60,shey:2; okor:1; daiin:1; okar:1; otchdy:1; okaly:1,aiin:3; ol:2; qokaiin:2; or:2; s:1; qokchor:1
sheo,46,3,2.1739130434782608,0.0,43,45,pcheey:2; s:2; dy:2; cheory:1; okeady:1; ckhaiin:1,cthy:1; otaiin:1; pchar:1; daiin:1; dar:1; opal:1
ody,38,3,2.6315789473684212,26.31578947368421,26,32,shy:2; qotar:2; otody:1; chekeedy:1; ody:1; kam:1,aiin:4; dal:2; al:2; char:1; doiir:1; shor:1
dy,204,2,0.9803921568627451,35.78431372549019,107,153,daiin:5; dy:4; shey:3; chol:3; qotal:3; oty:2,chol:5; daiin:5; dy:4; okal:4; dal:4; cthy:3
cheo,75,3,4.0,1.3333333333333333,51,62,aiin:7; r:6; l:4; al:3; dal:3; dair:2,ol:4; or:3; aiin:3; qol:2; kaiin:2; lor:2
chckhy,141,3,0.7092198581560284,7.801418439716312,109,93,daiin:4; qokal:4; okaiin:3; otain:2; s:2; ar:2,qokain:10; daiin:7; okaiin:6; chey:4; qokeey:4; aiin:4
kar,58,3,3.4482758620689653,6.896551724137931,45,47,ar:4; ol:3; am:3; oky:2; aiin:2; cthy:1,al:4; chor:3; y:2; dar:2; ol:2; chol:2
chos,42,3,9.523809523809524,9.523809523809524,35,35,aiin:4; sheor:1; odaiin:1; cthody:1; ctey:1; ar:1,dar:3; cheol:2; qokaiin:1; keey:1; chees:1; qoos:1
tar,43,3,37.2093023255814,4.651162790697675,32,27,aiin:4; ar:3; ol:2; shedy:2; chey:2; arody:2,shy:1; chody:1; okey:1; talar:1; or:1; otalchy:1
ches,44,3,0.0,4.545454545454546,31,39,aiin:7; os:2; al:2; ol:2; ar:2; ain:2,qoaiin:2; qokaiin:2; al:2; chol:2; otal:2; qoekchas:1
oty,114,3,7.017543859649122,26.31578947368421,75,89,dar:3; shor:2; chy:2; dy:2; qoty:2; ar:2,dar:5; otol:3; qokal:3; aiin:3; dy:2; cthor:2
shckhy,55,3,3.6363636363636362,1.8181818181818181,52,40,qokal:2; qokain:2; chochy:1; s:1; chekl:1; dar:1,qokaiin:4; daiin:3; chedy:3; qokain:3; qokey:2; air:2
chl,33,2,3.0303030303030303,3.0303030303030303,26,28,s:5; ol:2; lkeey:2; aiin:1; sol:1; sy:1,aiin:3; qokar:2; qokain:2; chodaiin:1; otaiin:1; kcheed:1
o,114,1,21.92982456140351,11.403508771929825,68,77,aiin:12; l:12; d:4; keey:3; kchy:2; ckhey:2,aiin:3; ar:3; cheor:2; c:2; l:2; oteey:2
sol,63,3,57.142857142857146,1.5873015873015872,48,25,chey:5; shedy:4; shol:2; daiin:2; sheedy:2; shey:2,chedy:2; qokey:2; sooch:1; chl:1; daiin:1; chopain:1
sar,77,3,40.25974025974026,18.181818181818183,39,42,aiin:8; ain:6; al:6; she:3; or:3; ol:3,chey:2; okeey:2; chedy:2; aiin:2; shcthal:1; qoain:1
shcthy,30,3,0.0,3.3333333333333335,28,26,qotedy:2; qoty:1; daiin:1; shtshy:1; cthedy:1; otol:1,qokaiin:3; qotain:3; chor:1; chckhy:1; dychokchy:1; oaiin:1
qol,147,3,12.92517006802721,6.122448979591836,80,81,chedy:12; chey:7; ol:6; shedy:5; cheey:5; sheedy:4,chedy:11; shey:7; chey:7; cheey:5; shedy:4; qol:4
l,156,1,7.6923076923076925,8.974358974358974,95,109,chey:8; chedy:8; or:5; shey:5; r:4; ol:4,o:12; cheo:4; okeeo:4; cho:3; shey:3; qokeey:3
ary,32,3,3.125,78.125,7,27,okol:1; taros:1; ytalar:1; okeokeds:1; oteodchey:1; dalo:1,qokar:3; ar:2; okeey:2; okor:1; s:1; kol:1
air,95,3,4.2105263157894735,5.2631578947368425,74,61,al:6; am:4; ol:3; ain:2; cheody:2; shckhy:2,s:9; or:8; ar:6; otar:3; ls:3; dair:3
lor,38,3,7.894736842105263,13.157894736842104,24,32,aiin:5; ol:2; ar:2; sheey:2; chey:2; cheo:2,l:2; checthy:2; cheo:2; ykeo:1; ol:1; chckhy:1
aly,39,3,0.0,53.84615384615385,17,34,shody:2; okalcheg:1; cham:1; otalar:1; ar:1; daiin:1,ar:4; r:2; otar:2; aiiin:1; chees:1; or:1
key,33,3,0.0,3.0303030303030303,32,30,dy:1; okam:1; tey:1; okair:1; r:1; keeeyd:1,chy:2; cheol:2; al:2; or:1; keeey:1; oky:1
