branch,rank,source,source_freq,target_example,target_normalized,train_score,train_exact_types,train_unique_partial,train_conflicts,validation_exact_types
ReF,1,SHol,105,dan,T A N,726,8,6,3,7
ReF,2,SHol,105,wann,W A N,726,8,1,0,7
ReF,3,SHol,105,ze,T S E,722,8,1,0,7
ReF,4,SHol,105,van,F A N,721,8,2,2,7
ReF,5,SHol,105,wenn,W E N,717,8,2,2,7
ReF,6,SHol,105,den,T E N,717,8,0,0,7
ReF,7,SHol,105,man,M A N,714,8,4,3,7
ReF,8,SHol,105,alle,A L E,707,7,3,1,7
ReF,9,SHol,105,zu,T S U,707,7,3,1,7
ReF,10,SHol,105,tag,T A K,705,7,10,6,7
ReF,11,SHol,105,hat,H A T,704,7,7,4,7
ReF,12,SHol,105,mit,M I T,704,7,1,0,7
ReF,13,SHol,105,auf,A U F,701,7,6,4,7
ReF,14,SHol,105,wer,W E R,701,7,3,2,6
ReF,15,SHol,105,der,T E R,696,7,0,0,6
ReF,16,CHol,217,van,F A N,696,8,16,9,8
ReF,17,CHol,217,den,T E N,696,8,1,0,8
ReF,18,CHol,217,was,W A S,696,7,17,6,8
ReF,19,SHol,105,mag,M A K,695,7,5,5,7
ReF,20,SHol,105,her,H E R,695,7,4,3,6
ReF,21,SHol,105,von,F O N,694,7,8,7,7
ReF,22,CHol,217,dan,T A N,694,8,10,5,8
ReF,23,SHol,105,auch,A U X,694,6,6,2,6
ReF,24,CHol,217,tag,T A K,694,7,14,5,8
ReF,25,CHol,217,wenn,W E N,693,8,5,3,8
ReN,1,SHol,105,den,T E N,718,8,6,5,7
ReN,2,SHol,105,ane,A N E,710,8,12,9,7
ReN,3,SHol,105,sin,S I N,708,7,15,8,7
ReN,4,SHol,105,eyn,E I N,706,7,8,5,7
ReN,5,SHol,105,men,M E N,705,8,7,7,7
ReN,6,SHol,105,sik,S I K,702,6,15,5,6
ReN,7,SHol,105,mit,M I T,701,7,11,7,7
ReN,8,SHol,105,god,K O T,699,7,7,5,7
ReN,9,SHol,105,vmme,F M E,699,7,5,3,7
ReN,10,SHol,105,wen,W E N,698,7,2,1,7
ReN,11,SHol,105,mer,M E R,697,6,2,0,5
ReN,12,SHol,105,don,T O N,696,6,9,5,6
ReN,13,SHol,105,her,H E R,694,6,6,3,5
ReN,14,CHol,217,eyn,E I N,693,7,25,11,8
ReN,15,SHol,105,des,T E S,691,7,10,8,7
ReN,16,SHol,105,umme,U M E,691,7,4,4,7
ReN,17,SHol,105,kan,K A N,690,6,16,8,6
ReN,18,SHol,105,dem,T E M,689,6,9,4,6
ReN,19,SHol,105,myn,M I N,688,7,9,8,7
ReN,20,SHol,105,vppe,F P E,683,5,9,3,5
ReN,21,SHol,105,von,F O N,682,6,4,4,6
ReN,22,CHol,217,sik,S I K,681,5,26,6,6
ReN,23,SHol,105,der,T E R,679,6,4,4,5
ReN,24,SHol,105,dhe,T H E,679,5,14,6,5
ReN,25,SHol,105,dey,T E I,678,6,15,9,6
BFM,1,SHol,105,mes,M E S,709,7,8,4,7
BFM,2,SHol,105,ait,A I T,703,7,14,8,7
BFM,3,SHol,105,les,L E S,701,7,10,6,7
BFM,4,SHol,105,eut,E U T,700,7,3,2,7
BFM,5,CHol,217,ait,A I T,696,7,22,9,8
BFM,6,SHol,105,voz,F O S,695,6,14,7,6
BFM,7,SHol,105,vit,F I T,693,7,13,9,7
BFM,8,SHol,105,des,T E S,693,7,9,7,7
BFM,9,SHol,105,quel,K E L,685,6,11,6,6
BFM,10,SHol,105,une,U N E,685,6,8,5,6
BFM,11,SHol,105,bon,P O N,684,6,11,7,6
BFM,12,SHol,105,foy,F O I,684,5,11,4,5
BFM,13,SHol,105,tel,T E L,681,6,12,7,6
BFM,14,SHol,105,mil,M I L,681,6,1,0,6
BFM,15,SHol,105,chil,SH I L,681,6,1,0,6
BFM,16,SHol,105,veu,F E U,679,5,10,4,5
BFM,17,CHol,217,mes,M E S,679,6,16,5,7
BFM,18,SHol,105,fut,F U T,678,7,4,7,7
BFM,19,SHol,105,fin,F I N,677,6,14,9,6
BFM,20,SHol,105,lor,L O R,677,5,16,8,5
BFM,21,CHol,217,veu,F E U,676,5,22,7,6
BFM,22,CHol,217,eut,E U T,675,7,5,3,8
BFM,23,SHol,105,quoy,K O I,674,5,9,4,5
BFM,24,CHol,217,les,L E S,674,6,16,6,7
BFM,25,SHol,105,mal,M A L,665,6,10,9,6
Dante,1,SHol,105,del,T E L,712,7,14,7,7
Dante,2,SHol,105,ella,E L A,710,7,4,1,7
Dante,3,SHol,105,son,S O N,707,7,3,1,7
Dante,4,SHol,105,uno,U N O,704,7,8,4,6
Dante,5,SHol,105,nel,N E L,695,7,7,5,7
Dante,6,SHol,105,dal,T A L,695,6,20,9,6
Dante,7,SHol,105,ciò,SH I O,694,6,19,9,6
Dante,8,CHol,217,mai,M A I,691,5,34,10,6
Dante,9,SHol,105,mal,M A L,688,6,12,6,6
Dante,10,SHol,105,ched,K E T,686,6,21,11,6
Dante,11,SHol,105,mio,M I O,683,6,16,9,6
Dante,12,SHol,105,alli,A L I,681,6,2,1,6
Dante,13,SHol,105,Dio,T I O,680,6,12,8,6
Dante,14,SHol,105,noi,N O I,680,6,5,3,6
Dante,15,SHol,105,mai,M A I,680,5,13,6,5
Dante,16,SHol,105,com',K O M,673,6,19,12,6
Dante,17,CHol,217,Dio,T I O,670,6,22,10,7
Dante,18,SHol,105,poi,P O I,669,6,7,6,6
Dante,19,SHol,105,voi,F O I,668,6,9,7,6
Dante,20,SHol,105,con,K O N,665,7,6,10,7
Dante,21,SHol,105,ben,P E N,660,6,9,9,6
Dante,22,SHol,105,lei,L E I,660,5,9,6,5
Dante,23,CHol,217,elli,E L I,660,6,8,4,7
Dante,24,CHol,217,alli,A L I,660,6,3,1,7
Dante,25,CHol,217,del,T E L,658,6,18,10,7
Latin,1,SHol,105,sed,S E T,698,7,9,6,7
Latin,2,SHol,105,fit,F I T,697,6,12,5,6
Latin,3,SHol,105,ita,I T A,689,7,12,9,6
Latin,4,SHol,105,his,H I S,686,7,6,7,7
Latin,5,SHol,105,per,P E R,684,6,9,5,6
Latin,6,SHol,105,Dei,T E I,684,5,19,8,5
Latin,7,SHol,105,mea,M E A,681,6,25,14,6
Latin,8,SHol,105,res,R E S,681,6,13,8,6
Latin,9,SHol,105,vos,F O S,680,6,15,9,6
Latin,10,SHol,105,hos,H O S,680,6,15,9,6
Latin,11,SHol,105,nos,N O S,679,6,13,8,6
Latin,12,SHol,105,nec,N E C_FRONT,679,5,25,13,5
Latin,13,CHol,217,per,P E R,679,6,24,9,7
Latin,14,CHol,217,fit,F I T,679,6,17,6,7
Latin,15,CHol,217,sed,S E T,678,6,20,8,7
Latin,16,SHol,105,eos,E O S,675,6,11,8,6
Latin,17,SHol,105,sit,S I T,672,6,9,7,6
Latin,18,SHol,105,hec,H E C_FRONT,667,5,21,13,5
Latin,19,SHol,105,hac,H A C_FRONT,666,5,9,6,5
Latin,20,SHol,105,Deo,T E O,665,5,12,8,5
Latin,21,SHol,105,rei,R E I,665,5,7,5,5
Latin,22,CHol,217,mea,M E A,665,6,29,14,7
Latin,23,CHol,217,nec,N E C_FRONT,663,4,33,12,5
Latin,24,CHol,217,ego,E K O,663,4,46,13,5
Latin,25,dol,75,fit,F I T,661,6,18,6,7
