normalizer,source_token,class_sequence
PHONO-WG-v1/ReF,IN,I N
PHONO-WG-v1/ReF,gottes,K O T T E S
PHONO-WG-v1/ReF,namen,N A M E N
PHONO-WG-v1/ReF,amen,A M E N
PHONO-WG-v1/ReF,es,E S
PHONO-WG-v1/ReF,be,P E
PHONO-WG-v1/ReF,chach,X A X
PHONO-WG-v1/ReF,vffe,F F F E
PHONO-WG-v1/ReF,eíne,E I N E
PHONO-WG-v1/ReF,zít,S I T
PHONO-WG-v1/ReF,Daz,T A S
PHONO-WG-v1/ReF,eín,E I N
PHONO-WG-v1/ReF,me,M E
PHONO-WG-v1/ReF,che,X E
PHONO-WG-v1/ReF,gro,K R O
PHONO-WG-v1/ReF,er,E R
PHONO-WG-v1/ReF,krancheit,K R A N X E I T
PHONO-WG-v1/ReF,an,A N
PHONO-WG-v1/ReF,ín,I N
PHONO-WG-v1/ReF,elbe,E L P E
PHONO-WG-v1/ReF,nature,N A T U R E
PHONO-WG-v1/ReF,befant,P E F A N T
PHONO-WG-v1/ReF,Vn,F N
PHONO-WG-v1/ReF,wc,W K
PHONO-WG-v1/ReF,dz,T S
PHONO-WG-v1/ReF,eíner,E I N E R
PHONO-WG-v1/ReF,mo,M O
PHONO-WG-v1/ReF,rge,R K E
PHONO-WG-v1/ReF,tvnde,T F N T E
PHONO-WG-v1/ReF,gar,K A R
PHONO-WG-v1/ReF,fru,F R U
PHONO-WG-v1/ReF,ge,K E
PHONO-WG-v1/ReF,al,A L
PHONO-WG-v1/ReF,o,O
PHONO-WG-v1/ReF,ne,N E
PHONO-WG-v1/ReF,chlich,X L I X
PHONO-WG-v1/ReF,erne,E R N E
PHONO-WG-v1/ReF,gebet,K E P E T
PHONO-WG-v1/ReF,pflag,P F L A K
PHONO-WG-v1/ReF,zu,S U
PHONO-WG-v1/ReF,tv,T F
PHONO-WG-v1/ReF,nde,N T E
PHONO-WG-v1/ReF,do,T O
PHONO-WG-v1/ReF,dírre,T I R R E
PHONO-WG-v1/ReF,M,M
PHONO-WG-v1/ReF,D,T
PHONO-WG-v1/ReF,gewar,K E W A R
PHONO-WG-v1/ReF,wart,W A R T
PHONO-WG-v1/ReF,Do,T O
PHONO-WG-v1/ReF,tu,T U
PHONO-WG-v1/ReF,nt,N T
PHONO-WG-v1/ReF,von,F O N
PHONO-WG-v1/ReF,íme,I M E
PHONO-WG-v1/ReF,te,T E
PHONO-WG-v1/ReF,gebette,K E P E T T E
PHONO-WG-v1/ReF,vf,F F
PHONO-WG-v1/ReF,wolte,W O L T E
PHONO-WG-v1/ReF,d,T
PHONO-WG-v1/ReF,naturen,N A T U R E N
PHONO-WG-v1/ReF,helfe,H E L F E
PHONO-WG-v1/ReF,kvmen,K F M E N
PHONO-WG-v1/ReF,ich,I X
PHONO-WG-v1/ReF,v,F
PHONO-WG-v1/ReF,rgon,R K O N
PHONO-WG-v1/ReF,Vnd,F N T
PHONO-WG-v1/ReF,ch,X
PHONO-WG-v1/ReF,gieng,K I E N K
PHONO-WG-v1/ReF,hín,H I N
PHONO-WG-v1/ReF,weg,W E K
PHONO-WG-v1/ReF,hínweg,H I N W E K
PHONO-WG-v1/ReF,tro,T R O
PHONO-WG-v1/ReF,e,E
PHONO-WG-v1/ReF,fe,F E
PHONO-WG-v1/ReF,die,T I E
PHONO-WG-v1/ReF,kam,K A M
PHONO-WG-v1/ReF,iht,I H T
PHONO-WG-v1/ReF,wie,W I E
PHONO-WG-v1/ReF,ei,E I
PHONO-WG-v1/ReF,geg,K E K
PHONO-WG-v1/ReF,gonde,K O N T E
PHONO-WG-v1/ReF,kvmet,K F M E T
PHONO-WG-v1/ReF,Des,T E S
PHONO-WG-v1/ReF,elben,E L P E N
PHONO-WG-v1/ReF,r,R
PHONO-WG-v1/ReF,langen,L A N K E N
PHONO-WG-v1/ReF,ziten,S I T E N
PHONO-WG-v1/ReF,mít,M I T
PHONO-WG-v1/ReF,begi,P E K I
PHONO-WG-v1/ReF,de,T E
PHONO-WG-v1/ReF,begeret,P E K E R E T
PHONO-WG-v1/ReF,hette,H E T T E
PHONO-WG-v1/ReF,hende,H E N T E
PHONO-WG-v1/ReF,ehende,E H E N T E
PHONO-WG-v1/ReF,vn,F N
PHONO-WG-v1/ReF,ette,E T T E
PHONO-WG-v1/ReF,was,W A S
PHONO-WG-v1/ReF,ettewas,E T T E W A S
PHONO-WG-v1/ReF,heímelicher,H E I M E L I X E R
PHONO-WG-v1/ReF,wo,W O
PHONO-WG-v1/ReF,rte,R T E
PHONO-WG-v1/ReF,redende,R E T E N T E
PHONO-WG-v1/ReF,di,T I
PHONO-WG-v1/ReF,zwei,S W E I
PHONO-WG-v1/ReF,a,A
PHONO-WG-v1/ReF,mene,M E N E
PHONO-WG-v1/ReF,koment,K O M E N T
PHONO-WG-v1/ReF,vo,F O
PHONO-WG-v1/ReF,rehter,R E H T E R
PHONO-WG-v1/ReF,fro,F R O
PHONO-WG-v1/ReF,ide,I T E
PHONO-WG-v1/ReF,vmbe,F M P E
PHONO-WG-v1/ReF,fíengent,F I E N K E N T
PHONO-WG-v1/ReF,vmbefíengent,F M P E F I E N K E N T
PHONO-WG-v1/ReF,den,T E N
PHONO-WG-v1/ReF,armen,A R M E N
PHONO-WG-v1/ReF,frv,F R F
PHONO-WG-v1/ReF,ntliche,N T L I X E
PHONO-WG-v1/ReF,eínand,E I N A N T
PHONO-WG-v1/ReF,p,P
PHONO-WG-v1/ReF,rach,R A X
PHONO-WG-v1/ReF,dem,T E M
PHONO-WG-v1/ReF,andern,A N T E R N
PHONO-WG-v1/ReF,ach,A X
PHONO-WG-v1/ReF,líeber,L I E P E R
PHONO-WG-v1/ReF,gotte,K O T T E
PHONO-WG-v1/ReF,Dv,T F
PHONO-WG-v1/ReF,olt,O L T
PHONO-WG-v1/ReF,daz,T A S
PHONO-WG-v1/ReF,wi,W I
PHONO-WG-v1/ReF,ende,E N T E
PHONO-WG-v1/ReF,Dc,T K
PHONO-WG-v1/ReF,habe,H A P E
PHONO-WG-v1/ReF,befvnde,P E F F N T E
PHONO-WG-v1/ReF,mín,M I N
PHONO-WG-v1/ReF,h,H
PHONO-WG-v1/ReF,ze,S E
PHONO-WG-v1/ReF,i,I
PHONO-WG-v1/ReF,míme,M I M E
PHONO-WG-v1/ReF,libe,L I P E
PHONO-WG-v1/ReF,fert,F E R T
PHONO-WG-v1/ReF,pillende,P I L L E N T E
PHONO-WG-v1/ReF,reh,R E H
PHONO-WG-v1/ReF,ter,T E R
PHONO-WG-v1/ReF,Von,F O N
PHONO-WG-v1/ReF,díner,T I N E R
PHONO-WG-v1/ReF,gegenwertí,K E K E N W E R T I
PHONO-WG-v1/ReF,keit,K E I T
PHONO-WG-v1/ReF,gegenwertíkeit,K E K E N W E R T I K E I T
PHONO-WG-v1/ReF,ander,A N T E R
PHONO-WG-v1/ReF,wider,W I T E R
PHONO-WG-v1/ReF,widervmbe,W I T E R F M P E
PHONO-WG-v1/ReF,dv,T F
PHONO-WG-v1/ReF,lange,L A N K E
PHONO-WG-v1/ReF,zite,S I T E
PHONO-WG-v1/ReF,begirde,P E K I R T E
PHONO-WG-v1/ReF,gert,K E R T
PHONO-WG-v1/ReF,begert,P E K E R T
PHONO-WG-v1/ReF,fv,F F
PHONO-WG-v1/ReF,gete,K E T E
PHONO-WG-v1/ReF,ez,E S
PHONO-WG-v1/ReF,got,K O T
PHONO-WG-v1/ReF,dír,T I R
PHONO-WG-v1/ReF,gerne,K E R N E
PHONO-WG-v1/ReF,heímeliche,H E I M E L I X E
PHONO-WG-v1/ReF,wer,W E R
PHONO-WG-v1/ReF,nv,N F
PHONO-WG-v1/ReF,t,T
PHONO-WG-v1/ReF,alleíne,A L L E I N E
PHONO-WG-v1/ReF,Das,T A S
PHONO-WG-v1/ReF,rden,R T E N
PHONO-WG-v1/ReF,herze,H E R S E
PHONO-WG-v1/ReF,míne,M I N E
PHONO-WG-v1/ReF,ele,E L E
PHONO-WG-v1/ReF,rehte,R E H T E
PHONO-WG-v1/ReF,male,M A L E
PHONO-WG-v1/ReF,alzu,A L S U
PHONO-WG-v1/ReF,gege,K E K E
PHONO-WG-v1/ReF,n,N
PHONO-WG-v1/ReF,welle,W E L L E
PHONO-WG-v1/ReF,mv,M F
PHONO-WG-v1/ReF,offen,O F F E N
PHONO-WG-v1/ReF,bo,P O
PHONO-WG-v1/ReF,ren,R E N
PHONO-WG-v1/ReF,offenbo,O F F E N P O
PHONO-WG-v1/ReF,agen,A K E N
PHONO-WG-v1/ReF,allen,A L L E N
PHONO-WG-v1/ReF,mínen,M I N E N
PHONO-WG-v1/ReF,heím,H E I M
PHONO-WG-v1/ReF,melichen,M E L I X E N
PHONO-WG-v1/ReF,heímmelichen,H E I M M E L I X E N
PHONO-WG-v1/ReF,grvnt,K R F N T
PHONO-WG-v1/ReF,alles,A L L E S
PHONO-WG-v1/ReF,das,T A S
PHONO-WG-v1/ReF,weis,W E I S
PHONO-WG-v1/ReF,dc,T K
PHONO-WG-v1/ReF,ie,I E
PHONO-WG-v1/ReF,fant,F A N T
PHONO-WG-v1/ReF,vil,F I L
PHONO-WG-v1/ReF,zites,S I T E S
PHONO-WG-v1/ReF,mír,M I R
PHONO-WG-v1/ReN,Wy,W I
PHONO-WG-v1/ReN,Radmanne,R A T M A N N E
PHONO-WG-v1/ReN,old,O L T
PHONO-WG-v1/ReN,vnd,F N T
PHONO-WG-v1/ReN,nyen,N I E N
PHONO-WG-v1/ReN,di,T I
PHONO-WG-v1/ReN,nu,N U
PHONO-WG-v1/ReN,syn,S I N
PHONO-WG-v1/ReN,na,N A
PHONO-WG-v1/ReN,vns,F N S
PHONO-WG-v1/ReN,tukomende,T U K O M E N T E
PHONO-WG-v1/ReN,synt,S I N T
PHONO-WG-v1/ReN,in,I N
PHONO-WG-v1/ReN,der,T E R
PHONO-WG-v1/ReN,stad,S T A T
PHONO-WG-v1/ReN,olden,O L T E N
PHONO-WG-v1/ReN,berlin,P E R L I N
PHONO-WG-v1/ReN,Bekennen,P E K E N N E N
PHONO-WG-v1/ReN,betugen,P E T U K E N
PHONO-WG-v1/ReN,dessen,T E S S E N
PHONO-WG-v1/ReN,yegenwor,I E K E N W O R
PHONO-WG-v1/ReN,digen,T I K E N
PHONO-WG-v1/ReN,open,O P E N
PHONO-WG-v1/ReN,briue,P R I U E
PHONO-WG-v1/ReN,vor,F O R
PHONO-WG-v1/ReN,allen,A L L E N
PHONO-WG-v1/ReN,luden,L U T E N
PHONO-WG-v1/ReN,en,E N
PHONO-WG-v1/ReN,horen,H O R E N
PHONO-WG-v1/ReN,lesen,L E S E N
PHONO-WG-v1/ReN,vornemen,F O R N E M E N
PHONO-WG-v1/ReN,dat,T A T
PHONO-WG-v1/ReN,wi,W I
PHONO-WG-v1/ReN,met,M E T
PHONO-WG-v1/ReN,ge,K E
PHONO-WG-v1/ReN,meynen,M E I N E N
PHONO-WG-v1/ReN,rade,R A T E
PHONO-WG-v1/ReN,volbedachten,F O L P E T A X T E N
PHONO-WG-v1/ReN,mude,M U T E
PHONO-WG-v1/ReN,wittenscap,W I T T E N S K A P
PHONO-WG-v1/ReN,vulbord,F U L P O R T
PHONO-WG-v1/ReN,vnser,F N S E R
PHONO-WG-v1/ReN,werken,W E R K E N
PHONO-WG-v1/ReN,gantzen,K A N T S E N
PHONO-WG-v1/ReN,gemeynheit,K E M E I N H E I T
PHONO-WG-v1/ReN,eyndrechtigliken,E I N T R E X T I K L I K E N
PHONO-WG-v1/ReN,hebben,H E P P E N
PHONO-WG-v1/ReN,vorkouft,F O R K O U F T
PHONO-WG-v1/ReN,vorkopen,F O R K O P E N
PHONO-WG-v1/ReN,recht,R E X T
PHONO-WG-v1/ReN,redeliken,R E T E L I K E N
PHONO-WG-v1/ReN,craft,K R A F T
PHONO-WG-v1/ReN,desses,T E S S E S
PHONO-WG-v1/ReN,brifs,P R I F S
PHONO-WG-v1/ReN,den,T E N
PHONO-WG-v1/ReN,erliken,E R L I K E N
PHONO-WG-v1/ReN,wisen,W I S E N
PHONO-WG-v1/ReN,pristeren,P R I S T E R E N
PHONO-WG-v1/ReN,dar,T A R
PHONO-WG-v1/ReN,sint,S I N T
PHONO-WG-v1/ReN,voreniget,F O R E N I K E T
PHONO-WG-v1/ReN,gesament,K E S A M E N T
PHONO-WG-v1/ReN,oder,O T E R
PHONO-WG-v1/ReN,vmmer,F M M E R
PHONO-WG-v1/ReN,vorenyget,F O R E N I K E T
PHONO-WG-v1/ReN,mo,M O
PHONO-WG-v1/ReN,gen,K E N
PHONO-WG-v1/ReN,werden,W E R T E N
PHONO-WG-v1/ReN,tukomenden,T U K O M E N T E N
PHONO-WG-v1/ReN,tijden,T I J T E N
PHONO-WG-v1/ReN,ewichlichen,E W I X L I X E N
PHONO-WG-v1/ReN,dem,T E M
PHONO-WG-v1/ReN,kalende,K A L E N T E
PHONO-WG-v1/ReN,ebenumeden,E P E N U M E T E N
PHONO-WG-v1/ReN,Berlin,P E R L I N
PHONO-WG-v1/ReN,ses,S E S
PHONO-WG-v1/ReN,punt,P U N T
PHONO-WG-v1/ReN,gewonliker,K E W O N L I K E R
PHONO-WG-v1/ReN,berlinischer,P E R L I N I SH E R
PHONO-WG-v1/ReN,penninge,P E N N I N K E
PHONO-WG-v1/ReN,Jerliker,J E R L I K E R
PHONO-WG-v1/ReN,renten,R E N T E N
PHONO-WG-v1/ReN,vnde,F N T E
PHONO-WG-v1/ReN,ewiger,E W I K E R
PHONO-WG-v1/ReN,plicht,P L I X T
PHONO-WG-v1/ReN,sy,S I
PHONO-WG-v1/ReN,scolen,S K O L E N
PHONO-WG-v1/ReN,nemen,N E M E N
PHONO-WG-v1/ReN,alle,A L L E
PHONO-WG-v1/ReN,Jare,J A R E
PHONO-WG-v1/ReN,von,F O N
PHONO-WG-v1/ReN,deme,T E M E
PHONO-WG-v1/ReN,sehe,S E H E
PHONO-WG-v1/ReN,by,P I
PHONO-WG-v1/ReN,stralow,S T R A L O W
PHONO-WG-v1/ReN,eigendu,E I K E N T U
PHONO-WG-v1/ReN,me,M E
PHONO-WG-v1/ReN,gerechticheit,K E R E X T I X E I T
PHONO-WG-v1/ReN,aller,A L L E R
PHONO-WG-v1/ReN,tubehoringhe,T U P E H O R I N K H E
PHONO-WG-v1/ReN,guder,K U T E R
PHONO-WG-v1/ReN,gewonheit,K E W O N H E I T
PHONO-WG-v1/ReN,Nutte,N U T T E
PHONO-WG-v1/ReN,fromen,F R O M E N
PHONO-WG-v1/ReN,allem,A L L E M
PHONO-WG-v1/ReN,rechte,R E X T E
PHONO-WG-v1/ReN,tu,T U
PHONO-WG-v1/ReN,besittene,P E S I T T E N E
PHONO-WG-v1/ReN,alse,A L S E
PHONO-WG-v1/ReN,eynen,E I N E N
PHONO-WG-v1/ReN,rechten,R E X T E N
PHONO-WG-v1/ReN,eygendume,E I K E N T U M E
PHONO-WG-v1/ReN,lehne,L E H N E
PHONO-WG-v1/ReN,guden,K U T E N
PHONO-WG-v1/ReN,geweren,K E W E R E N
PHONO-WG-v1/ReN,wente,W E N T E
PHONO-WG-v1/ReN,an,A N
PHONO-WG-v1/ReN,desser,T E S S E R
PHONO-WG-v1/ReN,kegenwordige,K E K E N W O R T I K E
PHONO-WG-v1/ReN,tijd,T I J T
PHONO-WG-v1/ReN,van,F A N
PHONO-WG-v1/ReN,vnses,F N S E S
PHONO-WG-v1/ReN,hern,H E R N
PHONO-WG-v1/ReN,des,T E S
PHONO-WG-v1/ReN,marggreuen,M A R K K R E U E N
PHONO-WG-v1/ReN,gnaden,K N A T E N
PHONO-WG-v1/ReN,rowliken,R O W L I K E N
PHONO-WG-v1/ReN,fredeliken,F R E T E L I K E N
PHONO-WG-v1/ReN,beseten,P E S E T E N
PHONO-WG-v1/ReN,gehat,K E H A T
PHONO-WG-v1/ReN,vtwisunge,F T W I S U N K E
PHONO-WG-v1/ReN,lude,L U T E
PHONO-WG-v1/ReN,egenanten,E K E N A N T E N
PHONO-WG-v1/ReN,gnedi,K N E T I
PHONO-WG-v1/ReN,handuesten,H A N T U E S T E N
PHONO-WG-v1/ReN,sunderlike,S U N T E R L I K E
PHONO-WG-v1/ReN,Briue,P R I U E
PHONO-WG-v1/ReN,vtgenomen,F T K E N O M E N
PHONO-WG-v1/ReN,ouerste,O U E R S T E
PHONO-WG-v1/ReN,gerichte,K E R I X T E
PHONO-WG-v1/ReN,vp,F P
PHONO-WG-v1/ReN,vorbenumeden,F O R P E N U M E T E N
PHONO-WG-v1/ReN,seluen,S E L U E N
PHONO-WG-v1/ReN,gewaldich,K E W A L T I X
PHONO-WG-v1/ReN,mechtich,M E X T I X
PHONO-WG-v1/ReN,willen,W I L L E N
PHONO-WG-v1/ReN,bliu,P L I U
PHONO-WG-v1/ReN,wan,W A N
PHONO-WG-v1/ReN,sich,S I X
PHONO-WG-v1/ReN,geboret,K E P O R E T
PHONO-WG-v1/ReN,erbenomeden,E R P E N O M E T E N
PHONO-WG-v1/ReN,sez,S E S
PHONO-WG-v1/ReN,sal,S A L
PHONO-WG-v1/ReN,em,E M
PHONO-WG-v1/ReN,geuen,K E U E N
PHONO-WG-v1/ReN,allerJerlik,A L L E R J E R L I K
PHONO-WG-v1/ReN,dy,T I
PHONO-WG-v1/ReN,man,M A N
PHONO-WG-v1/ReN,de,T E
PHONO-WG-v1/ReN,vischet,F I SH E T
PHONO-WG-v1/ReN,ttet,T T E T
PHONO-WG-v1/ReN,synen,S I N E N
PHONO-WG-v1/ReN,vischende,F I SH E N T E
PHONO-WG-v1/ReN,don,T O N
PHONO-WG-v1/ReN,beuelen,P E U E L E N
PHONO-WG-v1/ReN,gentzliken,K E N T S L I K E N
PHONO-WG-v1/ReN,al,A L
PHONO-WG-v1/ReN,vortegen,F O R T E K E N
PHONO-WG-v1/ReN,vortigen,F O R T I K E N
PHONO-WG-v1/ReN,kalanderen,K A L A N T E R E N
PHONO-WG-v1/ReN,heren,H E R E N
PHONO-WG-v1/ReN,nud,N U T
PHONO-WG-v1/ReN,ein,E I N
PHONO-WG-v1/ReN,ok,O K
PHONO-WG-v1/ReN,allermanglik,A L L E R M A N K L I K
PHONO-WG-v1/ReN,eyn,E I N
PHONO-WG-v1/ReN,gantz,K A N T S
PHONO-WG-v1/ReN,gewer,K E W E R
PHONO-WG-v1/ReN,gu,K U
PHONO-WG-v1/ReN,d,T
PHONO-WG-v1/ReN,vordedingen,F O R T E T I N K E N
PHONO-WG-v1/ReN,glich,K L I X
PHONO-WG-v1/ReN,anderen,A N T E R E N
PHONO-WG-v1/ReN,wenne,W E N N E
PHONO-WG-v1/ReN,war,W A R
PHONO-WG-v1/ReN,nod,N O T
PHONO-WG-v1/ReN,desse,T E S S E
PHONO-WG-v1/ReN,eigendums,E I K E N T U M S
PHONO-WG-v1/ReN,tynses,T I N S E S
PHONO-WG-v1/ReN,dicke,T I K E
PHONO-WG-v1/ReN,genanten,K E N A N T E N
PHONO-WG-v1/ReN,erlike,E R L I K E
PHONO-WG-v1/ReN,herren,H E R R E N
PHONO-WG-v1/ReN,vt,F T
PHONO-WG-v1/ReN,kalande,K A L A N T E
PHONO-WG-v1/ReN,gegeuen,K E K E U E N
PHONO-WG-v1/ReN,redem,R E T E M
PHONO-WG-v1/ReN,gelde,K E L T E
PHONO-WG-v1/ReN,twe,T W E
PHONO-WG-v1/ReN,souentigh,S O U E N T I K H
PHONO-FR-v1,LIVRE,L I F R E
PHONO-FR-v1,III,I I I
PHONO-FR-v1,CHAPITRE,SH A P I T R E
PHONO-FR-v1,I,I
PHONO-FR-v1,Comment,K O M M E N T
PHONO-FR-v1,le,L E
PHONO-FR-v1,roy,R O I
PHONO-FR-v1,la,L A
PHONO-FR-v1,guerre,K U E R R E
PHONO-FR-v1,au,A U
PHONO-FR-v1,duc,T U S
PHONO-FR-v1,de,T E
PHONO-FR-v1,Bourgongne,P O U R K O N NY E
PHONO-FR-v1,et,E T
PHONO-FR-v1,les,L E S
PHONO-FR-v1,moyens,M O I E N S
PHONO-FR-v1,pour,P O U R
PHONO-FR-v1,commancer,K O M M A N S E R
PHONO-FR-v1,ladicte,L A T I K T E
PHONO-FR-v1,L,L
PHONO-FR-v1,an,A N
PHONO-FR-v1,mil,M I L
PHONO-FR-v1,IIIc,I I I S
PHONO-FR-v1,LXX,L X X
PHONO-FR-v1,print,P R I N T
PHONO-FR-v1,vouloir,F O U L O I R
PHONO-FR-v1,se,S E
PHONO-FR-v1,venger,F E N SH E R
PHONO-FR-v1,du,T U
PHONO-FR-v1,luy,L U I
PHONO-FR-v1,sembla,S E M P L A
PHONO-FR-v1,qu,K
PHONO-FR-v1,il,I L
PHONO-FR-v1,en,E N
PHONO-FR-v1,estoit,E S T O I T
PHONO-FR-v1,heure,H E U R E
PHONO-FR-v1,secrettement,S E K R E T T E M E N T
PHONO-FR-v1,traictoit,T R A I K T O I T
PHONO-FR-v1,souffroit,S O U F F R O I T
PHONO-FR-v1,traicter,T R A I K T E R
PHONO-FR-v1,que,K E
PHONO-FR-v1,villes,F I L L E S
PHONO-FR-v1,estans,E S T A N S
PHONO-FR-v1,sur,S U R
PHONO-FR-v1,rivière,R I F I E R E
PHONO-FR-v1,Somme,S O M M E
PHONO-FR-v1,comme,K O M M E
PHONO-FR-v1,Amyens,A M I E N S
PHONO-FR-v1,Sainct,S A I N K T
PHONO-FR-v1,Quentin,K E N T I N
PHONO-FR-v1,Abeville,A P E F I L L E
PHONO-FR-v1,tournassent,T O U R N A S S E N T
PHONO-FR-v1,contre,K O N T R E
PHONO-FR-v1,ilz,I L S
PHONO-FR-v1,appellassent,A P P E L L A S S E N T
PHONO-FR-v1,ses,S E S
PHONO-FR-v1,gens,SH E N S
PHONO-FR-v1,d,T
PHONO-FR-v1,armes,A R M E S
PHONO-FR-v1,missent,M I S S E N T
PHONO-FR-v1,dedans,T E T A N S
PHONO-FR-v1,car,K A R
PHONO-FR-v1,tousjours,T O U S SH O U R S
PHONO-FR-v1,grans,K R A N S
PHONO-FR-v1,seigneurs,S E I NY E U R S
PHONO-FR-v1,moins,M O I N S
PHONO-FR-v1,saiges,S A I SH E S
PHONO-FR-v1,veullent,F E U L L E N T
PHONO-FR-v1,sercher,S E R SH E R
PHONO-FR-v1,quelque,K E L K E
PHONO-FR-v1,bonne,P O N N E
PHONO-FR-v1,coulleur,K O U L L E U R
PHONO-FR-v1,ung,U N SH
PHONO-FR-v1,peu,P E U
PHONO-FR-v1,apparente,A P P A R E N T E
PHONO-FR-v1,Et,E T
PHONO-FR-v1,affin,A F F I N
PHONO-FR-v1,on,O N
PHONO-FR-v1,habilitéz,H A P I L I T E S
PHONO-FR-v1,quoy,K O I
PHONO-FR-v1,l,L
PHONO-FR-v1,use,U S E
PHONO-FR-v1,France,F R A N S E
PHONO-FR-v1,veulx,F E U L X
PHONO-FR-v1,compter,K O M P T E R
PHONO-FR-v1,cecy,S E S I
PHONO-FR-v1,fut,F U T
PHONO-FR-v1,guydé,K U I T E
PHONO-FR-v1,y,I
PHONO-FR-v1,furent,F U R E N T
PHONO-FR-v1,deceüz,T E S E U S
PHONO-FR-v1,tous,T O U S
PHONO-FR-v1,deux,T E U X
PHONO-FR-v1,qui,K I
PHONO-FR-v1,dura,T U R A
PHONO-FR-v1,bien,P I E N
PHONO-FR-v1,treize,T R E I S E
PHONO-FR-v1,ou,O U
PHONO-FR-v1,quatorze,K A T O R S E
PHONO-FR-v1,ans,A N S
PHONO-FR-v1,laquelle,L A K E L L E
PHONO-FR-v1,depuis,T E P U I S
PHONO-FR-v1,dure,T U R E
PHONO-FR-v1,aspre,A S P R E
PHONO-FR-v1,Il,I L
PHONO-FR-v1,est,E S T
PHONO-FR-v1,vray,F R A I
PHONO-FR-v1,desiroit,T E S I R O I T
PHONO-FR-v1,fort,F O R T
PHONO-FR-v1,ces,S E S
PHONO-FR-v1,feïssent,F E I S S E N T
PHONO-FR-v1,nouvelleté,N O U F E L L E T E
PHONO-FR-v1,couleurs,K O U L E U R S
PHONO-FR-v1,disant,T I S A N T
PHONO-FR-v1,ledict,L E T I K T
PHONO-FR-v1,estendoit,E S T E N T O I T
PHONO-FR-v1,limites,L I M I T E S
PHONO-FR-v1,plus,P L U S
PHONO-FR-v1,avant,A F A N T
PHONO-FR-v1,traicté,T R A I K T E
PHONO-FR-v1,ne,N E
PHONO-FR-v1,portoit,P O R T O I T
PHONO-FR-v1,ceste,S E S T E
PHONO-FR-v1,occasion,O K K A S I O N
PHONO-FR-v1,alloient,A L L O I E N T
PHONO-FR-v1,venoient,F E N O I E N T
PHONO-FR-v1,des,T E S
PHONO-FR-v1,embassadeurs,E M P A S S A T E U R S
PHONO-FR-v1,à,A
PHONO-FR-v1,autre,A U T R E
PHONO-FR-v1,passoient,P A S S O I E N T
PHONO-FR-v1,rapassoient,R A P A S S O I E N T
PHONO-FR-v1,par,P A R
PHONO-FR-v1,praticquans,P R A T I K K A N S
PHONO-FR-v1,marchéz,M A R SH E S
PHONO-FR-v1,ès,E S
PHONO-FR-v1,quelles,K E L L E S
PHONO-FR-v1,n,N
PHONO-FR-v1,avoit,A F O I T
PHONO-FR-v1,nulles,N U L L E S
PHONO-FR-v1,garnysons,K A R N I S O N S
PHONO-FR-v1,mais,M A I S
PHONO-FR-v1,paix,P A I X
PHONO-FR-v1,tout,T O U T
PHONO-FR-v1,royaulme,R O I A U L M E
PHONO-FR-v1,tant,T A N T
PHONO-FR-v1,costé,K O S T E
PHONO-FR-v1,dudict,T U T I K T
PHONO-FR-v1,Bretaigne,P R E T A I NY E
PHONO-FR-v1,monsr,M O N S R
PHONO-FR-v1,Guyenne,K U I E N N E
PHONO-FR-v1,avec,A F E S
PHONO-FR-v1,amytié,A M I T I E
PHONO-FR-v1,sembloit,S E M P L O I T
PHONO-FR-v1,Toutesfois,T O U T E S F O I S
PHONO-FR-v1,eust,E U S T
PHONO-FR-v1,pas,P A S
PHONO-FR-v1,voulu,F O U L U
PHONO-FR-v1,recommancer,R E K O M M A N S E R
PHONO-FR-v1,prendre,P R E N T R E
PHONO-FR-v1,une,U N E
PHONO-FR-v1,là,L A
PHONO-FR-v1,seulement,S E U L E M E N T
PHONO-FR-v1,taschoit,T A S SH O I T
PHONO-FR-v1,povoir,P O F O I R
PHONO-FR-v1,mectre,M E K T R E
PHONO-FR-v1,grande,K R A N T E
PHONO-FR-v1,rebellion,R E P E L L I O N
PHONO-FR-v1,pays,P A I S
PHONO-FR-v1,esperoit,E S P E R O I T
PHONO-FR-v1,pointz,P O I N T S
PHONO-FR-v1,s,S
PHONO-FR-v1,dessus,T E S S U S
PHONO-FR-v1,ce,S E
PHONO-FR-v1,moyen,M O I E N
PHONO-FR-v1,Beaucoup,P E A U K O U P
PHONO-FR-v1,plaire,P L A I R E
PHONO-FR-v1,mesloient,M E S L O I E N T
PHONO-FR-v1,raportoyent,R A P O R T O I E N T
PHONO-FR-v1,choses,SH O S E S
PHONO-FR-v1,beaucoup,P E A U K O U P
PHONO-FR-v1,trouvoient,T R O U F O I E N T
PHONO-FR-v1,vantoyent,F A N T O I E N T
PHONO-FR-v1,ville,F I L L E
PHONO-FR-v1,autres,A U T R E S
PHONO-FR-v1,disoyent,T I S O I E N T
PHONO-FR-v1,substrairoyent,S U P S T R A I R O I E N T
PHONO-FR-v1,grands,K R A N T S
PHONO-FR-v1,personnaiges,P E R S O N N A I SH E S
PHONO-FR-v1,sa,S A
PHONO-FR-v1,maison,M A I S O N
PHONO-FR-v1,tourneroient,T O U R N E R O I E N T
PHONO-FR-v1,partye,P A R T I E
PHONO-FR-v1,Mais,M A I S
PHONO-FR-v1,quant,K A N T
PHONO-FR-v1,pensé,P E N S E
PHONO-FR-v1,advint,A T F I N T
PHONO-FR-v1,rompu,R O M P U
PHONO-FR-v1,recommancé,R E K O M M A N S E
PHONO-FR-v1,combien,K O M P I E N
PHONO-OIT-v1,Convivio,K O N F I F I O
PHONO-OIT-v1,edizione,E T I T S I O N E
PHONO-OIT-v1,elettronica,E L E T T R O N I K A
PHONO-OIT-v1,lemmatizzata,L E M M A T I T S T S A T A
PHONO-OIT-v1,Dante,T A N T E
PHONO-OIT-v1,Alighieri,A L I K I E R I
PHONO-OIT-v1,Lemmatizzazione,L E M M A T I T S T S A T S I O N E
PHONO-OIT-v1,e,E
PHONO-OIT-v1,marcatura,M A R K A T U R A
PHONO-OIT-v1,grammaticale,K R A M M A T I K A L E
PHONO-OIT-v1,a,A
PHONO-OIT-v1,cura,K U R A
PHONO-OIT-v1,di,T I
PHONO-OIT-v1,Samuela,S A M U E L A
PHONO-OIT-v1,Brunamonti,P R U N A M O N T I
PHONO-OIT-v1,Mirko,M I R K O
PHONO-OIT-v1,Tavoni,T A F O N I
PHONO-OIT-v1,Universit,U N I F E R S I T
PHONO-OIT-v1,amp,A M P
PHONO-OIT-v1,agrave,A K R A F E
PHONO-OIT-v1,Pisa,P I S A
PHONO-OIT-v1,Corso,K O R S O
PHONO-OIT-v1,Laurea,L A U R E A
PHONO-OIT-v1,in,I N
PHONO-OIT-v1,Informatica,I N F O R M A T I K A
PHONO-OIT-v1,Umanistica,U M A N I S T I K A
PHONO-OIT-v1,Franca,F R A N K A
PHONO-OIT-v1,Brambilla,P R A M P I L L A
PHONO-OIT-v1,Ageno,A SH E N O
PHONO-OIT-v1,Le,L E
PHONO-OIT-v1,Lettere,L E T T E R E
PHONO-OIT-v1,Firenze,F I R E N T S E
PHONO-OIT-v1,Il,I L
PHONO-OIT-v1,progetto,P R O SH E T T O
PHONO-OIT-v1,si,S I
PHONO-OIT-v1,propone,P R O P O N E
PHONO-OIT-v1,mettere,M E T T E R E
PHONO-OIT-v1,disposizione,T I S P O S I T S I O N E
PHONO-OIT-v1,l,L
PHONO-OIT-v1,intero,I N T E R O
PHONO-OIT-v1,corpus,K O R P U S
PHONO-OIT-v1,delle,T E L L E
PHONO-OIT-v1,opere,O P E R E
PHONO-OIT-v1,Ogni,O NY I
PHONO-OIT-v1,forma,F O R M A
PHONO-OIT-v1,usata,U S A T A
PHONO-OIT-v1,egrave,E K R A F E
PHONO-OIT-v1,stata,S T A T A
PHONO-OIT-v1,ricondotta,R I K O N T O T T A
PHONO-OIT-v1,al,A L
PHONO-OIT-v1,suo,S U O
PHONO-OIT-v1,lemma,L E M M A
PHONO-OIT-v1,arricchita,A R R I K K I T A
PHONO-OIT-v1,da,T A
PHONO-OIT-v1,un,U N
PHONO-OIT-v1,etichetta,E T I K E T T A
PHONO-OIT-v1,che,K E
PHONO-OIT-v1,ne,N E
PHONO-OIT-v1,esplicita,E S P L I SH I T A
PHONO-OIT-v1,il,I L
PHONO-OIT-v1,valore,F A L O R E
PHONO-OIT-v1,morfosintattico,M O R F O S I N T A T T I K O
PHONO-OIT-v1,L,L
PHONO-OIT-v1,elemento,E L E M E N T O
PHONO-OIT-v1,stato,S T A T O
PHONO-OIT-v1,implementato,I M P L E M E N T A T O
PHONO-OIT-v1,per,P E R
PHONO-OIT-v1,categorizzare,K A T E K O R I T S T S A R E
PHONO-OIT-v1,ciascuna,SH I A SH U N A
PHONO-OIT-v1,secondo,S E K O N T O
PHONO-OIT-v1,la,L A
PHONO-OIT-v1,categoria,K A T E K O R I A
PHONO-OIT-v1,racchiudere,R A K K I U T E R E
PHONO-OIT-v1,due,T U E
PHONO-OIT-v1,elementi,E L E M E N T I
PHONO-OIT-v1,LM,L M
PHONO-OIT-v1,nel,N E L
PHONO-OIT-v1,caso,K A S O
PHONO-OIT-v1,una,U N A
PHONO-OIT-v1,sia,S I A
PHONO-OIT-v1,ricoducibile,R I K O T U SH I P I L E
PHONO-OIT-v1,lemmi,L E M M I
PHONO-OIT-v1,latino,L A T I N O
PHONO-OIT-v1,greco,K R E K O
PHONO-OIT-v1,categorizzazione,K A T E K O R I T S T S A T S I O N E
PHONO-OIT-v1,Revisione,R E F I S I O N E
PHONO-OIT-v1,della,T E L L A
PHONO-OIT-v1,lemmatizzazione,L E M M A T I T S T S A T S I O N E
PHONO-OIT-v1,marzo,M A R T S O
PHONO-OIT-v1,Elena,E L E N A
PHONO-OIT-v1,Pierazzo,P I E R A T S T S O
PHONO-OIT-v1,Conversione,K O N F E R S I O N E
PHONO-OIT-v1,del,T E L
PHONO-OIT-v1,file,F I L E
PHONO-OIT-v1,dal,T A L
PHONO-OIT-v1,formato,F O R M A T O
PHONO-OIT-v1,DBT,T P T
PHONO-OIT-v1,XML,X M L
PHONO-OIT-v1,Razionalizzazione,R A T S I O N A L I T S T S A T S I O N E
PHONO-OIT-v1,codifica,K O T I F I K A
PHONO-OIT-v1,TRATTATO,T R A T T A T O
PHONO-OIT-v1,PRIMO,P R I M O
PHONO-OIT-v1,I,I
PHONO-OIT-v1,S,S
PHONO-OIT-v1,igrave,I K R A F E
PHONO-OIT-v1,come,K O M E
PHONO-OIT-v1,dice,T I SH E
PHONO-OIT-v1,lo,L O
PHONO-OIT-v1,Filosofo,F I L O S O F O
PHONO-OIT-v1,principio,P R I N SH I P I O
PHONO-OIT-v1,Prima,P R I M A
PHONO-OIT-v1,Filosofia,F I L O S O F I A
PHONO-OIT-v1,tutti,T U T T I
PHONO-OIT-v1,li,L I
PHONO-OIT-v1,uomini,U O M I N I
PHONO-OIT-v1,naturalmente,N A T U R A L M E N T E
PHONO-OIT-v1,desiderano,T E S I T E R A N O
PHONO-OIT-v1,sapere,S A P E R E
PHONO-OIT-v1,La,L A
PHONO-OIT-v1,ragione,R A SH I O N E
PHONO-OIT-v1,puote,P U O T E
PHONO-OIT-v1,essere,E S S E R E
PHONO-OIT-v1,ed,E T
PHONO-OIT-v1,cosa,K O S A
PHONO-OIT-v1,providenza,P R O F I T E N T S A
PHONO-OIT-v1,prima,P R I M A
PHONO-OIT-v1,natura,N A T U R A
PHONO-OIT-v1,impinta,I M P I N T A
PHONO-OIT-v1,inclinabile,I N K L I N A P I L E
PHONO-OIT-v1,alla,A L L A
PHONO-OIT-v1,sua,S U A
PHONO-OIT-v1,propia,P R O P I A
PHONO-OIT-v1,perfezione,P E R F E T S I O N E
PHONO-OIT-v1,onde,O N T E
PHONO-OIT-v1,acci,A K SH I
PHONO-OIT-v1,ograve,O K R A F E
PHONO-OIT-v1,scienza,SH I E N T S A
PHONO-OIT-v1,ultima,U L T I M A
PHONO-OIT-v1,nostra,N O S T R A
PHONO-OIT-v1,anima,A N I M A
PHONO-OIT-v1,nella,N E L L A
PHONO-OIT-v1,quale,K W A L E
PHONO-OIT-v1,sta,S T A
PHONO-OIT-v1,felicitade,F E L I SH I T A T E
PHONO-OIT-v1,desiderio,T E S I T E R I O
PHONO-OIT-v1,semo,S E M O
PHONO-OIT-v1,subietti,S U P I E T T I
PHONO-OIT-v1,Veramente,F E R A M E N T E
PHONO-OIT-v1,questa,K W E S T A
PHONO-OIT-v1,nobilissima,N O P I L I S S I M A
PHONO-OIT-v1,molti,M O L T I
PHONO-OIT-v1,sono,S O N O
PHONO-OIT-v1,privati,P R I F A T I
PHONO-OIT-v1,diverse,T I F E R S E
PHONO-OIT-v1,cagioni,K A SH I O N I
PHONO-OIT-v1,dentro,T E N T R O
PHONO-OIT-v1,all,A L L
PHONO-OIT-v1,uomo,U O M O
PHONO-OIT-v1,fuori,F U O R I
PHONO-OIT-v1,esso,E S S O
PHONO-OIT-v1,lui,L U I
PHONO-OIT-v1,rimovono,R I M O F O N O
PHONO-OIT-v1,dall,T A L L
PHONO-OIT-v1,abito,A P I T O
PHONO-OIT-v1,Dentro,T E N T R O
PHONO-OIT-v1,possono,P O S S O N O
PHONO-OIT-v1,difetti,T I F E T T I
PHONO-OIT-v1,impedimenti,I M P E T I M E N T I
PHONO-OIT-v1,uno,U N O
PHONO-OIT-v1,dalla,T A L L A
PHONO-OIT-v1,parte,P A R T E
PHONO-OIT-v1,corpo,K O R P O
PHONO-OIT-v1,altro,A L T R O
PHONO-OIT-v1,dell,T E L L
PHONO-OIT-v1,Dalla,T A L L A
PHONO-OIT-v1,quando,K W A N T O
PHONO-OIT-v1,le,L E
PHONO-OIT-v1,parti,P A R T I
PHONO-OIT-v1,indebitamente,I N T E P I T A M E N T E
PHONO-OIT-v1,disposte,T I S P O S T E
PHONO-OIT-v1,s,S
PHONO-OIT-v1,nulla,N U L L A
PHONO-OIT-v1,ricevere,R I SH E F E R E
PHONO-OIT-v1,pu,P U
PHONO-OIT-v1,sordi,S O R T I
PHONO-OIT-v1,muti,M U T I
PHONO-OIT-v1,loro,L O R O
PHONO-OIT-v1,simili,S I M I L I
PHONO-OIT-v1,malizia,M A L I T S I A
PHONO-OIT-v1,vince,F I N SH E
PHONO-OIT-v1,essa,E S S A
PHONO-OIT-v1,fa,F A
PHONO-OIT-v1,seguitatrice,S E K U I T A T R I SH E
PHONO-OIT-v1,viziose,F I T S I O S E
PHONO-OIT-v1,dilettazioni,T I L E T T A T S I O N I
PHONO-OIT-v1,nelle,N E L L E
PHONO-OIT-v1,quali,K W A L I
PHONO-OIT-v1,riceve,R I SH E F E
PHONO-OIT-v1,tanto,T A N T O
PHONO-OIT-v1,inganno,I N K A N N O
PHONO-LAT-v1,ARGUMENTUM,A R K U M E N T U M
PHONO-LAT-v1,Turnus,T U R N U S
PHONO-LAT-v1,ut,U T
PHONO-LAT-v1,extremo,E K S T R E M O
PHONO-LAT-v1,uitam,U I T A M
PHONO-LAT-v1,sub,S U P
PHONO-LAT-v1,Marte,M A R T E
PHONO-LAT-v1,profudit,P R O F U T I T
PHONO-LAT-v1,Subdunt,S U P T U N T
PHONO-LAT-v1,se,S E
PHONO-LAT-v1,Rutuli,R U T U L I
PHONO-LAT-v1,Aeneae,A E N E A E
PHONO-LAT-v1,Troiana,T R O I A N A
PHONO-LAT-v1,sequentes,S E K W E N T E S
PHONO-LAT-v1,Agmina,A K M I N A
PHONO-LAT-v1,dehinc,T E H I N C_FRONT
PHONO-LAT-v1,superis,S U P E R I S
PHONO-LAT-v1,meriti,M E R I T I
PHONO-LAT-v1,redduntur,R E T T U N T U R
PHONO-LAT-v1,honores,H O N O R E S
PHONO-LAT-v1,Congaudet,K O N K A U T E T
PHONO-LAT-v1,nato,N A T O
PHONO-LAT-v1,ac,A C_FRONT
PHONO-LAT-v1,sociis,S O C_FRONT I I S
PHONO-LAT-v1,memor,M E M O R
PHONO-LAT-v1,ante,A N T E
PHONO-LAT-v1,malorum,M A L O R U M
PHONO-LAT-v1,Actorum,A K T O R U M
PHONO-LAT-v1,pater,P A T E R
PHONO-LAT-v1,Aeneas,A E N E A S
PHONO-LAT-v1,Turni,T U R N I
PHONO-LAT-v1,inde,I N T E
PHONO-LAT-v1,Latinus,L A T I N U S
PHONO-LAT-v1,Morte,M O R T E
PHONO-LAT-v1,dolet,T O L E T
PHONO-LAT-v1,Patriae,P A T R I A E
PHONO-LAT-v1,miseranda,M I S E R A N T A
PHONO-LAT-v1,incendia,I N C_FRONT E N T I A
PHONO-LAT-v1,Daunus,T A U N U S
PHONO-LAT-v1,Euersae,E U E R S A E
PHONO-LAT-v1,et,E T
PHONO-LAT-v1,cari,K A R I
PHONO-LAT-v1,deflet,T E F L E T
PHONO-LAT-v1,pia,P I A
PHONO-LAT-v1,funera,F U N E R A
PHONO-LAT-v1,nati,N A T I
PHONO-LAT-v1,Connubium,K O N N U P I U M
PHONO-LAT-v1,instaurat,I N S T A U R A T
PHONO-LAT-v1,natae,N A T A E
PHONO-LAT-v1,laetosque,L A E T O S K W E
PHONO-LAT-v1,hymenaeos,H I M E N A E O S
PHONO-LAT-v1,Rex,R E K S
PHONO-LAT-v1,socer,S O C_FRONT E R
PHONO-LAT-v1,genero,G_FRONT E N E R O
PHONO-LAT-v1,gens,G_FRONT E N S
PHONO-LAT-v1,utraque,U T R A K W E
PHONO-LAT-v1,pacto,P A K T O
PHONO-LAT-v1,Foedere,F O E T E R E
PHONO-LAT-v1,pacis,P A C_FRONT I S
PHONO-LAT-v1,ouat,O U A T
PHONO-LAT-v1,tum,T U M
PHONO-LAT-v1,nomine,N O M I N E
PHONO-LAT-v1,coniugis,K O N I U G_FRONT I S
PHONO-LAT-v1,urbem,U R P E M
PHONO-LAT-v1,Instruit,I N S T R U I T
PHONO-LAT-v1,tandem,T A N T E M
PHONO-LAT-v1,placida,P L A C_FRONT I T A
PHONO-LAT-v1,pace,P A C_FRONT E
PHONO-LAT-v1,regentem,R E G_FRONT E N T E M
PHONO-LAT-v1,Transtulit,T R A N S T U L I T
PHONO-LAT-v1,Aeneam,A E N E A M
PHONO-LAT-v1,Uenus,U E N U S
PHONO-LAT-v1,astra,A S T R A
PHONO-LAT-v1,in,I N
PHONO-LAT-v1,summa,S U M M A
PHONO-LAT-v1,beatum,P E A T U M
PHONO-LAT-v1,deuictus,T E U I K T U S
PHONO-LAT-v1,Effugientem,E F F U G_FRONT I E N T E M
PHONO-LAT-v1,animam,A N I M A M
PHONO-LAT-v1,medioque,M E T I O K W E
PHONO-LAT-v1,agmine,A K M I N E
PHONO-LAT-v1,uictor,U I K T O R
PHONO-LAT-v1,Magnanimus,M A K N A N I M U S
PHONO-LAT-v1,stetit,S T E T I T
PHONO-LAT-v1,Mauortius,M A U O R T I U S
PHONO-LAT-v1,heros,H E R O S
PHONO-LAT-v1,Obstupuere,O P S T U P U E R E
PHONO-LAT-v1,omnes,O M N E S
PHONO-LAT-v1,gemitumque,G_FRONT E M I T U M K W E
PHONO-LAT-v1,dedere,T E T E R E
PHONO-LAT-v1,Latini,L A T I N I
PHONO-LAT-v1,Et,E T
PHONO-LAT-v1,durum,T U R U M
PHONO-LAT-v1,ex,E K S
PHONO-LAT-v1,alto,A L T O
PHONO-LAT-v1,reuomentes,R E U O M E N T E S
PHONO-LAT-v1,corde,K O R T E
PHONO-LAT-v1,dolorem,T O L O R E M
PHONO-LAT-v1,Concussis,K O N K U S S I S
PHONO-LAT-v1,cecidere,C_FRONT E C_FRONT I T E R E
PHONO-LAT-v1,animis,A N I M I S
PHONO-LAT-v1,ceu,C_FRONT E U
PHONO-LAT-v1,frondibus,F R O N T I P U S
PHONO-LAT-v1,ingens,I N G_FRONT E N S
PHONO-LAT-v1,Silua,S I L U A
PHONO-LAT-v1,lapsis,L A P S I S
PHONO-LAT-v1,boreali,P O R E A L I
PHONO-LAT-v1,impulsa,I M P U L S A
PHONO-LAT-v1,tumultu,T U M U L T U
PHONO-LAT-v1,Tum,T U M
PHONO-LAT-v1,tela,T E L A
PHONO-LAT-v1,infigunt,I N F I K U N T
PHONO-LAT-v1,terrae,T E R R A E
PHONO-LAT-v1,mucronibus,M U K R O N I P U S
PHONO-LAT-v1,haerent,H A E R E N T
PHONO-LAT-v1,Scutaque,S K U T A K W E
PHONO-LAT-v1,deponunt,T E P O N U N T
PHONO-LAT-v1,humeris,H U M E R I S
PHONO-LAT-v1,proelia,P R O E L I A
PHONO-LAT-v1,damnant,T A M N A N T
PHONO-LAT-v1,Insanumque,I N S A N U M K W E
PHONO-LAT-v1,horrent,H O R R E N T
PHONO-LAT-v1,optati,O P T A T I
PHONO-LAT-v1,Martis,M A R T I S
PHONO-LAT-v1,amorem,A M O R E M
PHONO-LAT-v1,Nec,N E C_FRONT
PHONO-LAT-v1,frenum,F R E N U M
PHONO-LAT-v1,nec,N E C_FRONT
PHONO-LAT-v1,colla,K O L L A
PHONO-LAT-v1,pati,P A T I
PHONO-LAT-v1,captiua,K A P T I U A
PHONO-LAT-v1,recusant,R E K U S A N T
PHONO-LAT-v1,ueniam,U E N I A M
PHONO-LAT-v1,orare,O R A R E
PHONO-LAT-v1,requiem,R E K W I E M
PHONO-LAT-v1,finemque,F I N E M K W E
PHONO-LAT-v1,Sicut,S I K U T
PHONO-LAT-v1,acerba,A C_FRONT E R P A
PHONO-LAT-v1,duo,T U O
PHONO-LAT-v1,quando,K W A N T O
PHONO-LAT-v1,certamina,C_FRONT E R T A M I N A
PHONO-LAT-v1,tauri,T A U R I
PHONO-LAT-v1,Concurrunt,K O N K U R R U N T
PHONO-LAT-v1,largo,L A R K O
PHONO-LAT-v1,miscentes,M I S C_FRONT E N T E S
PHONO-LAT-v1,sanguine,S A N K U I N E
PHONO-LAT-v1,pugnam,P U K N A M
PHONO-LAT-v1,Cuique,K U I K W E
PHONO-LAT-v1,suum,S U U M
PHONO-LAT-v1,pecus,P E K U S
PHONO-LAT-v1,inclinat,I N K L I N A T
PHONO-LAT-v1,sin,S I N
PHONO-LAT-v1,cesserit,C_FRONT E S S E R I T
PHONO-LAT-v1,uni,U N I
PHONO-LAT-v1,Palma,P A L M A
PHONO-LAT-v1,duci,T U C_FRONT I
PHONO-LAT-v1,mox,M O K S
PHONO-LAT-v1,quae,K W A E
PHONO-LAT-v1,uicto,U I K T O
PHONO-LAT-v1,pecora,P E K O R A
PHONO-LAT-v1,fauebant,F A U E P A N T
PHONO-LAT-v1,Nunc,N U N C_FRONT
PHONO-LAT-v1,sese,S E S E
PHONO-LAT-v1,imperio,I M P E R I O
PHONO-LAT-v1,subdunt,S U P T U N T
PHONO-LAT-v1,uictoris,U I K T O R I S
PHONO-LAT-v1,ultro,U L T R O
PHONO-LAT-v1,Quanquam,K W A N K W A M
PHONO-LAT-v1,animum,A N I M U M
PHONO-LAT-v1,dolor,T O L O R
PHONO-LAT-v1,altus,A L T U S
PHONO-LAT-v1,habet,H A P E T
PHONO-LAT-v1,parere,P A R E R E
PHONO-LAT-v1,fatentur,F A T E N T U R
PHONO-LAT-v1,Non,N O N
PHONO-LAT-v1,aliter,A L I T E R
PHONO-LAT-v1,licet,L I C_FRONT E T
PHONO-LAT-v1,maeror,M A E R O R
PHONO-LAT-v1,adhausit,A T H A U S I T
PHONO-LAT-v1,Pectora,P E K T O R A
PHONO-LAT-v1,pulsa,P U L S A
PHONO-LAT-v1,metu,M E T U
PHONO-LAT-v1,caesi,K A E S I
PHONO-LAT-v1,ducis,T U C_FRONT I S
PHONO-LAT-v1,incluta,I N K L U T A
PHONO-LAT-v1,malunt,M A L U N T
PHONO-LAT-v1,Arma,A R M A
PHONO-LAT-v1,sequi,S E K W I
PHONO-LAT-v1,Phrygium,F R I G_FRONT I U M
PHONO-LAT-v1,Aenean,A E N E A N
PHONO-LAT-v1,foedusque,F O E T U S K W E
PHONO-LAT-v1,precari,P R E K A R I
PHONO-LAT-v1,Pacis,P A C_FRONT I S
PHONO-LAT-v1,aeternam,A E T E R N A M
PHONO-LAT-v1,rebus,R E P U S
PHONO-LAT-v1,belloque,P E L L O K W E
PHONO-LAT-v1,quietem,K W I E T E M
PHONO-LAT-v1,Tunc,T U N C_FRONT
PHONO-LAT-v1,Turnum,T U R N U M
PHONO-LAT-v1,super,S U P E R
