stem,Ø,l,m,n,r,s,y
a,5,269,35,6,410,5,0
a·i,0,5,3,129,90,1,2
a·i·i,0,2,1,578,30,0,0
a·l,0,1,0,0,2,5,18
a·l·a,0,4,2,0,7,0,0
a·l·o,4,6,1,0,7,1,1
a·r·a,0,13,4,1,5,0,0
a·r·o,1,7,0,0,4,1,0
ch,10,32,1,0,11,17,176
ch·a,2,52,10,8,73,2,0
ch·ckh,6,0,0,0,0,0,130
ch·cth,3,0,0,0,0,0,78
ch·d,4,0,0,0,0,0,95
ch·d·a,0,15,0,0,19,0,0
ch·e,21,5,0,0,10,42,479
ch·e·a,0,40,2,2,60,1,1
ch·e·ckh,2,0,0,0,0,0,45
ch·e·d,25,0,0,0,2,0,311
ch·e·d·a,1,18,2,0,21,0,1
ch·e·e,6,1,0,0,1,36,182
ch·e·e·d,6,0,0,0,0,0,43
ch·e·e·o,16,8,0,0,15,6,2
ch·e·k,5,3,0,0,1,0,58
ch·e·k·a,0,11,0,0,8,0,0
ch·e·o,74,155,4,0,82,34,12
ch·e·o·d,4,1,0,0,0,0,62
ch·e·t,2,0,0,0,0,0,22
ch·k,2,0,0,0,2,0,17
ch·k·a,0,11,1,0,10,0,0
ch·o,75,361,11,1,209,38,21
ch·o·d,9,0,0,0,0,2,73
ch·o·d·a,0,4,1,0,10,0,0
ch·o·k,5,0,0,0,0,0,31
ch·o·k·a,0,8,2,1,7,0,0
ch·o·l,0,0,0,0,1,2,16
ch·o·t,3,1,0,0,0,1,37
ch·o·t·a,0,7,2,0,11,0,1
ch·o·t·o,2,7,1,0,3,0,0
ch·t,1,3,0,0,0,0,11
ckh·e,1,2,0,0,0,0,30
ckh·o,4,19,0,0,6,2,1
cph·o,1,14,1,0,5,1,3
cth,7,0,0,0,1,0,73
cth·a,0,5,0,2,14,0,0
cth·e,2,0,0,0,1,2,42
cth·e·o,4,10,0,0,4,2,0
cth·o,10,49,4,0,42,2,1
cth·o·d,4,0,0,0,0,0,13
d,37,18,0,0,6,0,131
d·a,3,146,20,6,244,3,0
d·a·i,0,2,4,153,86,0,0
d·a·i·i,1,0,2,612,23,0,0
d·a·l,0,0,0,0,0,5,17
d·a·l·o,2,7,0,0,6,0,0
d·ch,2,0,1,0,0,0,25
d·ch·e·d,5,0,0,0,0,0,16
d·ch·e·o,6,7,0,0,4,3,0
d·ch·o,5,20,0,0,26,2,0
d·o,11,91,1,0,63,0,0
d·o·i·i,0,0,0,15,6,0,0
d·sh·e·o,2,9,0,0,1,1,1
d·sh·o,8,3,0,0,12,0,1
e·e,1,0,0,0,0,5,6
e·e·e,0,0,0,0,0,9,8
k,10,2,0,0,0,0,14
k·a,0,25,1,1,54,2,0
k·a·i,0,0,0,45,15,0,0
k·a·i·i,0,0,0,68,2,0,0
k·ch·e·d,3,0,0,0,0,0,11
k·ch·e·o,4,6,0,0,5,0,2
k·ch·o,5,24,1,0,20,2,2
k·e·d,2,0,0,0,0,0,24
k·e·e,4,1,0,0,1,2,72
k·e·e·d,2,0,0,0,0,0,29
k·e·e·o,7,12,0,0,2,3,0
k·e·o,6,20,0,0,10,1,4
k·e·o·d,2,0,0,0,0,0,18
k·o,1,34,1,0,24,2,0
k·sh·o,7,2,0,0,2,0,1
l,142,0,0,0,7,11,6
l·a,0,7,0,0,7,0,0
l·ch,1,1,0,0,2,2,6
l·ch·e,2,0,0,0,0,0,61
l·ch·e·d,4,0,0,0,0,0,71
l·ch·e·o,3,8,0,0,3,1,0
l·ch·o,4,4,0,0,4,0,0
l·k,0,9,0,0,1,0,15
l·k·a,0,3,1,0,30,0,0
l·k·a·i,0,0,0,27,2,0,0
l·k·a·i·i,0,0,0,44,2,0,0
l·k·e·e·d,4,0,0,0,0,0,24
l·o,9,19,0,0,33,6,1
l·sh·e·d,2,0,0,0,0,0,26
o,101,540,6,0,374,25,9
o·a,0,5,0,0,19,0,0
o·a·i,0,0,0,12,6,0,0
o·a·i·i,0,1,0,28,3,0,0
o·ch·o,1,5,0,0,6,2,1
o·d,4,2,0,0,1,0,28
o·d·a,0,13,1,0,22,0,0
o·d·a·i,0,0,0,11,5,0,0
o·d·a·i·i,0,1,0,54,3,0,0
o·e·e,0,0,0,0,1,12,8
o·i·i,0,0,0,33,7,0,0
o·k,12,4,0,0,6,0,75
o·k·a,0,130,8,3,123,2,1
o·k·a·i,1,1,0,115,21,0,0
o·k·a·i·i,0,0,0,185,7,0,0
o·k·ch,1,0,0,0,2,0,35
o·k·ch·d,5,0,0,0,0,0,13
o·k·ch·o,6,13,1,0,14,0,1
o·k·e,4,3,0,0,1,3,94
o·k·e·a,0,13,3,0,11,0,0
o·k·e·d,6,1,0,0,0,0,63
o·k·e·e,5,0,1,0,5,17,183
o·k·e·e·d,6,0,0,0,0,0,58
o·k·e·e·e,1,0,0,0,0,2,31
o·k·e·e·o,15,16,1,0,10,6,2
o·k·e·o,14,55,2,0,16,9,9
o·k·e·o·d,3,0,0,0,0,0,19
o·k·o,9,64,2,0,27,4,2
o·k·o·d,3,0,0,0,0,0,13
o·l,0,1,0,0,2,11,23
o·l·a,0,6,1,1,17,0,0
o·l·a·i,0,0,0,13,3,0,0
o·l·a·i·i,0,0,0,49,3,0,0
o·l·ch·e·d,3,0,0,0,0,0,17
o·l·k·a,0,8,3,0,18,0,0
o·l·k·a·i,0,0,0,31,4,0,0
o·l·k·e·e,3,0,0,0,0,3,50
o·l·k·e·e·d,2,0,0,0,0,0,27
o·l·o,3,10,0,0,19,2,1
o·p·a,0,9,0,0,11,0,0
o·p·a·i·i,0,0,0,10,2,0,0
o·p·ch·e,1,0,0,0,0,2,36
o·p·ch·e·d,4,0,0,0,0,0,37
o·r·a·i,0,0,0,9,3,0,0
o·t,15,7,0,0,7,0,84
o·t·a,2,118,17,3,144,1,0
o·t·a·i,1,1,1,86,24,1,0
o·t·a·i·i,0,0,0,136,2,0,0
o·t·ch,3,1,0,0,1,2,52
o·t·ch·a,0,4,3,0,6,0,0
o·t·ch·e,0,0,0,0,0,2,42
o·t·ch·e·d,3,0,0,0,0,0,19
o·t·ch·o,8,27,1,0,17,2,0
o·t·e,5,0,0,0,1,5,114
o·t·e·a,0,6,0,0,9,1,0
o·t·e·d,6,0,0,0,1,0,85
o·t·e·e,9,0,0,0,0,11,152
o·t·e·e·d,5,0,0,0,0,0,79
o·t·e·e·e,3,0,0,0,0,2,9
o·t·e·e·o,10,8,0,0,3,13,2
o·t·e·o,15,31,1,0,9,19,7
o·t·e·o·d,3,1,0,0,0,0,27
o·t·o,9,75,0,0,33,4,12
p·a,0,2,1,0,9,0,0
p·ch·e·d·a,0,4,0,0,8,0,0
p·ch·e·o,3,11,0,0,4,3,1
p·ch·o,2,8,1,0,10,0,1
p·o,0,17,0,0,6,0,0
q·o,51,138,0,0,20,4,11
q·o·a,0,6,2,0,12,1,0
q·o·d,6,0,0,0,0,0,12
q·o·d·a,0,6,0,0,9,0,0
q·o·d·a·i,0,0,1,9,2,0,0
q·o·e·e,3,0,0,0,0,1,19
q·o·e·e·d,2,0,0,0,0,0,12
q·o·k,19,20,0,0,9,0,109
q·o·k·a,0,169,4,7,142,3,2
q·o·k·a·i,0,1,0,263,21,0,1
q·o·k·a·i·i,0,0,0,243,3,0,0
q·o·k·ch,2,1,0,0,0,1,79
q·o·k·ch·d,6,0,0,0,0,0,29
q·o·k·ch·e·d,2,0,0,0,0,0,26
q·o·k·ch·o,11,17,0,0,7,1,0
q·o·k·e,7,2,0,0,4,1,176
q·o·k·e·a,0,5,1,0,10,0,0
q·o·k·e·d,10,0,0,0,0,0,169
q·o·k·e·e,15,1,0,0,2,9,352
q·o·k·e·e·d,26,0,0,0,0,0,218
q·o·k·e·e·e,4,0,0,0,0,3,27
q·o·k·e·e·o,19,11,0,0,7,2,1
q·o·k·e·e·o·d,2,0,0,0,0,0,12
q·o·k·e·o,10,46,1,0,18,5,10
q·o·k·e·o·d,7,0,0,0,0,0,22
q·o·k·o,6,97,1,0,29,1,2
q·o·k·o·d,6,0,0,0,0,0,6
q·o·o,0,4,0,0,9,2,1
q·o·p·ch·d,2,0,0,0,0,0,12
q·o·p·ch·e,2,0,0,0,1,1,13
q·o·p·ch·e·d,3,0,0,0,0,0,22
q·o·t,9,4,0,0,4,0,68
q·o·t·a,0,58,2,0,58,2,1
q·o·t·a·i,0,1,0,58,5,0,0
q·o·t·ch,2,0,0,0,0,1,60
q·o·t·ch·d,3,0,0,0,0,0,18
q·o·t·ch·e·d,5,0,0,0,0,0,17
q·o·t·ch·o,9,13,0,1,12,0,0
q·o·t·e,1,0,0,0,0,2,50
q·o·t·e·d,6,1,0,0,0,0,57
q·o·t·e·e,2,0,0,0,0,4,63
q·o·t·e·e·d,5,0,0,0,0,0,53
q·o·t·e·e·o,5,4,0,0,0,2,3
q·o·t·e·o,7,13,0,0,4,1,1
q·o·t·o,5,44,0,0,23,1,3
r,180,1,0,0,3,1,2
r·a,0,8,1,0,12,0,0
r·a·i,1,0,0,15,5,0,0
r·a·i·i,0,0,0,49,2,0,0
r·o,7,12,1,0,9,0,0
s,288,4,0,0,6,1,18
sh,25,4,0,0,2,4,83
sh·a,2,16,3,2,32,1,0
sh·d,8,0,0,0,0,0,27
sh·e,41,3,1,0,4,11,326
sh·e·a,0,17,1,0,25,0,0
sh·e·ckh,2,0,0,0,0,0,25
sh·e·d,22,0,0,0,0,1,242
sh·e·d·a,0,6,0,0,7,0,0
sh·e·e,19,2,0,0,1,8,137
sh·e·e·d,5,0,0,0,0,0,49
sh·e·e·k,3,0,0,0,0,0,10
sh·e·e·o,7,12,0,0,7,2,1
sh·e·k,9,0,0,0,0,0,30
sh·e·o,46,89,3,0,42,14,8
sh·e·o·d,10,0,0,0,0,0,36
sh·o,118,172,4,0,89,11,4
sh·o·d,11,0,0,0,0,0,40
sh·o·k,6,0,0,0,0,0,8
s·a,2,35,2,2,63,1,1
s·a·i,1,2,1,59,26,1,0
s·a·i·i,0,0,0,108,2,0,0
s·o,7,62,1,0,43,4,2
t,8,3,0,0,4,0,12
t·a,0,22,1,1,41,0,1
t·a·i,0,1,1,14,12,0,0
t·ch,2,0,0,0,0,0,24
t·ch·e·o,5,6,0,0,4,2,0
t·ch·o,5,16,0,0,19,3,0
t·e·d,2,1,0,0,0,0,22
t·e·e,3,0,0,0,0,2,30
t·e·o,1,17,0,0,3,2,1
t·o,4,42,0,0,16,4,3
t·sh·o,5,6,0,0,3,0,0
y,164,4,0,0,0,2,1
y·ch·e·e,1,0,0,0,0,3,25
y·ch·e·e·o,8,1,0,0,1,0,2
y·ch·e·o,10,12,0,0,8,0,1
y·ch·o,3,10,0,0,13,2,1
y·k,6,1,0,0,0,0,10
y·k·a,0,11,2,1,35,0,0
y·k·a·i,0,1,0,9,7,0,0
y·k·ch·o,4,6,0,1,4,0,0
y·k·e,2,0,0,1,0,0,17
y·k·e·e,1,0,0,0,0,6,57
y·k·e·e·o,8,7,0,0,4,3,1
y·k·e·e·o·d,2,0,0,0,0,0,10
y·k·e·o,2,14,0,0,7,4,5
y·k·o,2,10,0,0,7,2,0
y·sh·e,2,0,0,0,0,0,16
y·t,2,1,1,0,0,0,19
y·t·a,0,15,6,0,26,0,0
y·t·a·i,0,0,1,12,4,0,0
y·t·ch·o,1,6,0,0,10,2,3
y·t·e·o,1,6,0,0,3,4,1
y·t·o,3,12,0,0,13,0,2
