position,unit_a,unit_b,train_distinct_core_support,validation_distinct_core_support,train_adjacent_observed,train_adjacent_null_mean,train_adjacent_z,example_cores
FIRST,QO,o,318,136,52,38.39666666666667,2.4590944675224935,p+CH+o+r | k+CH+d+y | CH+d+y | k+CH+e+o+r | CH+o+l
FIRST,CH,SH,215,105,20,23.57,-0.7808725056580177,o+s | e+o+cph+y | r | o+r | e+e+y
FIRST,o,y,210,96,10,6.666666666666667,1.5648681889579226,p+CH+o+r | k+CH+d+y | CH+d+y | CH+o+l | t+e+o+d+y
FIRST,QO,y,170,71,5,4.14,0.5231137286224729,p+CH+o+r | k+CH+d+y | CH+d+y | CH+o+l | t+e+o+d+y
FIRST,CH,o,137,59,6,4.163333333333333,1.0761125388490427,t+e+o+d+y | r | o+r | t+e+e+y | i+i+n
FIRST,CH,QO,134,55,1,2.4166666666666665,-1.0146120902052467,o+s | t+e+o+d+y | r | o+r | t+e+e+y
FIRST,l,o,112,51,17,4.946666666666666,6.440787991974012,k+CH+d+y | CH+d+y | CH+o+l | r | o+r
FIRST,l,y,103,39,1,2.6666666666666665,-1.185804549830534,k+CH+d+y | CH+d+y | CH+o+l | o+r | t+e+e+y
FIRST,QO,l,101,43,8,5.456666666666667,1.2121012310304349,k+CH+d+y | CH+d+y | CH+o+l | o+s | r
FIRST,CH,t,94,39,2,1.78,0.19790775280063966,o+s | r | o+r | e+e+y | l
FIRST,QO,SH,88,39,3,0.7833333333333333,2.731459383284603,CH+d+y | o+s | r | o+r | e+e+y
FIRST,k,t,87,32,4,3.05,0.6129448241612482,CH+d+y | CH+o+l | o+s | o+r | e+e+y
FIRST,a,o,85,43,17,10.81,2.094235535248503,l+s+y | r+a+l | r | t+e+e+y | i+i+n
FIRST,CH,y,82,34,1,1.0033333333333334,-0.003776065208617384,t+e+o+d+y | o+r | t+e+e+y | l | o+l
FIRST,CH,k,79,31,6,5.82,0.08408207867382649,o+s | e+e+CH+y | o+r | e+e+y | l
FIRST,CH,d,74,25,7,4.99,1.027151720091564,o+l+s | r | o+r | i+i+n | e+e+y
FIRST,CH,s,72,32,0,0.79,-0.9916282864998912,o+l+s | o+s | r | o+r | i+i+n
FIRST,d,l,70,25,3,1.8833333333333333,0.8897891708025872,o+l+s | CH+d+y | CH+o+l | r | o+r
FIRST,SH,o,70,40,0,0.64,-0.8315373600810001,CH+d+y | r | o+r | e+e+y | l
FIRST,SH,t,70,34,2,1.6833333333333333,0.2748452761410719,CH+d+y | o+s | r | o+r | e+e+y
FIRST,d,o,69,26,5,2.3766666666666665,1.8420285020462384,CH+d+y | CH+o+l | r | o+r | i+i+n
FIRST,d,t,68,22,0,0.97,-1.0347906490124092,CH+d+y | CH+o+l | r | o+r | e+e+y
FIRST,CH,l,67,38,0,0.5666666666666667,-0.9033094122391557,o+l+s | o+s | r | o+r | t+e+e+y
FIRST,d,k,65,24,1,1.81,-0.68006533553648,CH+d+y | CH+o+l | o+r | e+e+y | l
FIRST,SH,k,64,29,8,4.21,2.074720428547009,CH+d+y | o+s | o+r | e+e+y | l
FIRST,QO,d,61,17,1,0.93,0.08526362282278978,CH+d+y | CH+o+l | r | o+r | i+i+n
FIRST,d,y,59,20,2,1.1333333333333333,0.8700682309978686,CH+d+y | CH+o+l | o+r | l | o+l
FIRST,o,t,58,18,0,0.8466666666666667,-0.9761313814596627,CH+d+y | CH+o+l | r | o+r | e+e+y
FIRST,SH,l,56,29,1,0.8133333333333334,0.2198526531110372,CH+d+y | o+s | r | o+r | o+l
FIRST,l,t,55,21,1,0.87,0.15589075833301066,CH+d+y | CH+o+l | o+s | r | o+r
FIRST,k,l,54,21,1,1.2366666666666666,-0.228699010156479,CH+d+y | CH+o+l | o+s | o+r | o+l
FIRST,s,t,52,23,0,0.2966666666666667,-0.6105373653838081,o+l+CH+d | CH+o+l | o+s | r | o+r
FIRST,p,t,51,20,0,0.45666666666666667,-0.8041069416965094,o+l+CH+d | CH+d+y | CH+o+l | o+r | l
FIRST,DA,a,51,26,17,18.133333333333333,-0.31646774124245647,l+s+y | r+a+l | r | t+e+e+y | i+i+n
FIRST,d,s,50,20,1,1.5666666666666667,-0.5255109066492822,o+l+s | CH+o+l | r | o+r | i+i+n
FIRST,QO,t,50,16,0,0.34,-0.6364863405424662,CH+d+y | CH+o+l | o+s | r | o+r
FIRST,SH,d,50,17,4,4.166666666666667,-0.09042921150251056,CH+d+y | r | o+r | e+e+y | l
FIRST,k,y,50,14,1,1.4,-0.4061594726722242,CH+d+y | CH+o+l | o+r | l | o+l
FIRST,t,y,50,16,1,0.85,0.16946774610246684,CH+d+y | CH+o+l | o+r | l | o+l
FIRST,k,s,50,22,0,0.8633333333333333,-1.0734692572087152,CH+o+l | o+s | o+r | e+e+y | l
LAST,l,r,284,136,61,43.18666666666667,3.370119784768089,o+p+CH+o | o+k+CH+e+o | t+CH+o | CH+o | a
LAST,o,y,146,65,4,6.6066666666666665,-1.1647295932867974,CH+o+l | o+t+e+e | CH+e+e | CH | SH+e+e
LAST,s,y,146,42,2,2.5,-0.3696680659405597,CH+o+l | CH+o | o+t+e+e | s+o | CH+e+e
LAST,d,y,137,39,7,3.1033333333333335,2.373646915807633,CH+o+l | CH+o | o+t+e+e | CH+e+e | CH+e+o
LAST,m,r,126,51,6,6.283333333333333,-0.12587482893697785,CH+o | a | DA+i+i | DA+i | CH+e+o
LAST,l,m,111,50,5,5.6466666666666665,-0.3376778001247722,CH+o | a | CH+e+o | CH | o+k+e+o
LAST,n,r,105,45,5,3.993333333333333,0.5928857446989059,CH+o | a | DA+i+i | DA+i | s+a
LAST,r,s,102,30,1,1.65,-0.5733793034583238,CH+o+l | t+CH+o | CH+o | a | s+o
LAST,l,y,100,47,3,2.6033333333333335,0.3014266699675651,CH+o | s+o | CH+e+e | CH+e+o | QO+k+e+o
LAST,r,y,98,45,0,1.1433333333333333,-1.1714142750566385,CH+o+l | CH+o | DA+i+i | s+o | CH+e+o
LAST,l,s,94,30,4,2.3633333333333333,1.218545365916534,t+CH+o | CH+o | a | s+o | CH+e+e
LAST,d,s,89,18,0,0,,CH+o+l | t+CH+o | CH+o | o+t+e+e | CH+e+e
LAST,d,r,76,20,0,0.5866666666666667,-0.938868487516181,CH+o+l | o+p+CH+o | o+k+CH+e+o | t+CH+o | CH+o
LAST,d,l,74,25,2,1.47,0.5569847084317567,o+p+CH+o | o+k+CH+e+o | t+CH+o | CH+o | CH+e+e
LAST,d,o,64,17,1,0.23333333333333334,1.716233153846314,CH+o+l | o+t+e+e | CH+e+e | CH | SH+e+e
LAST,e,y,59,21,0,0.6166666666666667,-0.9249033387321673,QO+t+e+o+d | o+t+e+e | CH+e+e | CH | CH+e
LAST,o,s,50,16,0,1.0066666666666666,-1.1009379935583976,CH+o+l | o+t+e+e | CH+e+e | CH | SH+e+e
LAST,m,n,41,16,0,0.8066666666666666,-1.0490711691887153,CH+o | a | DA+i+i | DA+i | s+a
LAST,l,n,39,17,0,0,,CH+o | a | s+a | s+a+i | o+k+a
LAST,m,s,37,12,0,0.25,-0.5763872155263527,CH+o | a | CH+e+o | CH | o+k+e+o
LAST,m,y,36,14,0,0,,CH+o | DA+i+i | CH+e+o | CH | o+k+e+o
LAST,e,o,34,13,0,0,,o+t+e+e | CH+e+e | CH | CH+e | ckh
LAST,o,r,33,16,0,0.32666666666666666,-0.6566949618826806,CH+o+l | CH | SH+e+e | CH+e | d
LAST,g,y,33,5,0,0,,y+k+CH+d | CH+e+e | CH+e+o | QO+k+e+o | y+k+e+e+o
LAST,d,e,32,7,0,0,,o+t+e+e | CH+e+e | CH | CH+e | QO+k+e+e
LAST,d,m,31,11,0,0,,CH+o | DA+i | CH+e+o | CH | o+k+e+o
LAST,l,o,29,15,0,0,,CH+e+e | CH | SH+e+e | CH+e | d
LAST,g,r,26,7,1,0.37666666666666665,1.1334012118308836,a | DA+i | CH+e+o | QO+k+e+o | y+k+e+e+o
LAST,e,s,26,6,0,0.17,-0.45181472550674906,o+t+e+e | CH+e+e | CH | CH+e | QO+k+e+e
LAST,g,l,23,7,0,0,,a | CH+e+e | CH+e+o | QO+k+e+o | y+k+e+e+o
LAST,n,s,22,3,0,0.20666666666666667,-0.5095447520500399,CH+o | a | s+a | o+k+a | SH+o
LAST,g,s,22,5,0,0.21666666666666667,-0.525046434960993,a | CH+e+e | CH+e+o | QO+k+e+o | y+k+e+e+o
LAST,e,r,22,7,0,0,,CH | CH+e | QO+k+e+e | SH+e+o | SH+e
LAST,g,m,18,5,0,0,,a | DA+i | CH+e+o | o | o+k+a
LAST,e,l,18,7,0,0,,CH+e+e | CH | CH+e | ckh | SH+e+o
LAST,d,g,17,4,1,0.4033333333333333,1.2142519151718982,CH+e+e | DA+i | CH+e+o | QO+k+e+o | y+k+e+e+o
LAST,CH,y,17,5,0,0,,d | l | QO+k | CH+o+k | o+k
LAST,k,s,13,6,0,0,,CH+o | CH+e+e | CH+e+o | SH+e+e | CH+e
LAST,a,y,13,4,0,0,,CH+e+e | CH+o+k+e+e | SH | o+k | o+t+e
LAST,m,o,13,2,0,0,,CH | CH+e | d | SH+e | k+o
